url,name,category_code,date_added,date_published,data_format_version,source,authority,notes
www.youtradefx.com,official/it/bofh,DEV,2014-12-15,2015-04-12,0.1,censura.bofh.it,Tribunale di Roma (GIP),
www.opteck.com,official/it/bofh,DEV,2014-12-15,2015-04-12,0.1,censura.bofh.it,Tribunale di Roma (GIP),
www.banqueoption.com,official/it/bofh,DEV,2014-12-15,2015-04-12,0.1,censura.bofh.it,Tribunale di Roma (GIP),
www.bfmmarkets.com,official/it/bofh,DEV,2014-12-15,2015-04-12,0.1,censura.bofh.it,Tribunale di Roma (GIP),
www.tradersleader.com,official/it/bofh,DEV,2014-12-15,2015-04-12,0.1,censura.bofh.it,Tribunale di Roma (GIP),
www.bfxoption.com,official/it/bofh,DEV,2014-12-15,2015-04-12,0.1,censura.bofh.it,Tribunale di Roma (GIP),
www.chronoption.com,official/it/bofh,DEV,2014-12-15,2015-04-12,0.1,censura.bofh.it,Tribunale di Roma (GIP),
www.planetoption.com,official/it/bofh,DEV,2014-12-15,2015-04-12,0.1,censura.bofh.it,Tribunale di Roma (GIP),
www.bossoptions.com,official/it/bofh,DEV,2014-12-15,2015-04-12,0.1,censura.bofh.it,Tribunale di Roma (GIP),
www.dolomitihomes.it,official/it/bofh,,2014-12-11,2015-04-12,0.1,censura.bofh.it,Tribunale di Trento (Procura),
www.allgoodwholesale.com,official/it/bofh,COMM,2014-11-14,2015-04-12,0.1,censura.bofh.it,Tribunale di Milano (GIP),
www.benebags.com,official/it/bofh,COMM,2014-11-14,2015-04-12,0.1,censura.bofh.it,Tribunale di Milano (GIP),
www.brandapparelstore.com,official/it/bofh,COMM,2014-11-14,2015-04-12,0.1,censura.bofh.it,Tribunale di Milano (GIP),
www.designersee.com,official/it/bofh,COMM,2014-11-14,2015-04-12,0.1,censura.bofh.it,Tribunale di Milano (GIP),
www.leonshop.com,official/it/bofh,COMM,2014-11-14,2015-04-12,0.1,censura.bofh.it,Tribunale di Milano (GIP),
www.topshoesbar.com,official/it/bofh,COMM,2014-11-14,2015-04-12,0.1,censura.bofh.it,Tribunale di Milano (GIP),
www.popurchase.com,official/it/bofh,COMM,2014-11-14,2015-04-12,0.1,censura.bofh.it,Tribunale di Milano (GIP),
www.topclothingwholesaler.com,official/it/bofh,COMM,2014-11-14,2015-04-12,0.1,censura.bofh.it,Tribunale di Milano (GIP),
www.outletstoershoes.com,official/it/bofh,COMM,2014-11-14,2015-04-12,0.1,censura.bofh.it,Tribunale di Milano (GIP),
www.pradanow.com,official/it/bofh,COMM,2014-11-14,2015-04-12,0.1,censura.bofh.it,Tribunale di Milano (GIP),
www.topbrandgoods.com,official/it/bofh,COMM,2014-11-14,2015-04-12,0.1,censura.bofh.it,Tribunale di Milano (GIP),
www.shop2003.com,official/it/bofh,COMM,2014-11-14,2015-04-12,0.1,censura.bofh.it,Tribunale di Milano (GIP),
www.outletstoreshoes.com,official/it/bofh,COMM,2014-11-14,2015-04-12,0.1,censura.bofh.it,Tribunale di Milano (GIP),
www.voguetweet.com,official/it/bofh,COMM,2014-11-14,2015-04-12,0.1,censura.bofh.it,Tribunale di Milano (GIP),
torrentdb.in,official/it/bofh,P2P,2014-11-02,2015-04-12,0.1,censura.bofh.it,Tribunale di Bologna (GIP),
www.itc-fx.com,official/it/bofh,DEV,2014-10-02,2015-04-12,0.1,censura.bofh.it,Tribunale di Roma (GIP),
www.enigmistica.xa.am,official/it/bofh,GAME,2014-09-23,2015-04-12,0.1,censura.bofh.it,Tribunale di Milano (GIP),
www.excelmanagement.com,official/it/bofh,DEV,2014-09-16,2015-04-12,0.1,censura.bofh.it,Tribunale di Roma (GIP),
italiacalciomercato.blogspot.it,official/it/bofh,COMM,2014-08-28,2015-04-12,0.1,censura.bofh.it,Tribunale di Roma (GIP),
www.calcioshoponline.com,official/it/bofh,COMM,2014-08-28,2015-04-12,0.1,censura.bofh.it,Tribunale di Roma (GIP),
www.calciomondiali.com,official/it/bofh,COMM,2014-08-28,2015-04-12,0.1,censura.bofh.it,Tribunale di Roma (GIP),
www.cantinavezzola.it,official/it/bofh,COMM,2014-08-28,2015-04-12,0.1,censura.bofh.it,Tribunale di Roma (GIP),
www.vipmagliacalcio.com,official/it/bofh,COMM,2014-08-28,2015-04-12,0.1,censura.bofh.it,Tribunale di Roma (GIP),
www.magliacalcio-it.com,official/it/bofh,COMM,2014-08-28,2015-04-12,0.1,censura.bofh.it,Tribunale di Roma (GIP),
www.magliacalcio-outlet.com,official/it/bofh,COMM,2014-08-28,2015-04-12,0.1,censura.bofh.it,Tribunale di Roma (GIP),
www.magliacalcio-pocoprezzo.com,official/it/bofh,COMM,2014-08-28,2015-04-12,0.1,censura.bofh.it,Tribunale di Roma (GIP),
www.magliacalcio-pocoprezzo.net,official/it/bofh,COMM,2014-08-28,2015-04-12,0.1,censura.bofh.it,Tribunale di Roma (GIP),
www.magliacalcio-pocoprezzo.org,official/it/bofh,COMM,2014-08-28,2015-04-12,0.1,censura.bofh.it,Tribunale di Roma (GIP),
www.magliacalcioshop-it.com,official/it/bofh,COMM,2014-08-28,2015-04-12,0.1,censura.bofh.it,Tribunale di Roma (GIP),
www.magliacalcioshop-it.net,official/it/bofh,COMM,2014-08-28,2015-04-12,0.1,censura.bofh.it,Tribunale di Roma (GIP),
www.magliacalcioshop-it.org,official/it/bofh,COMM,2014-08-28,2015-04-12,0.1,censura.bofh.it,Tribunale di Roma (GIP),
www.magliaprezzo.eu,official/it/bofh,COMM,2014-08-28,2015-04-12,0.1,censura.bofh.it,Tribunale di Roma (GIP),
www.magliecalcio2014-it.com,official/it/bofh,COMM,2014-08-28,2015-04-12,0.1,censura.bofh.it,Tribunale di Roma (GIP),
www.magliecalcio2014-it.net,official/it/bofh,COMM,2014-08-28,2015-04-12,0.1,censura.bofh.it,Tribunale di Roma (GIP),
www.magliecalcio2014-it.org,official/it/bofh,COMM,2014-08-28,2015-04-12,0.1,censura.bofh.it,Tribunale di Roma (GIP),
www.maglie-calcio-it.org,official/it/bofh,COMM,2014-08-28,2015-04-12,0.1,censura.bofh.it,Tribunale di Roma (GIP),
www.maglie-calcio-online.com,official/it/bofh,COMM,2014-08-28,2015-04-12,0.1,censura.bofh.it,Tribunale di Roma (GIP),
www.magliecalcio-originali.com,official/it/bofh,COMM,2014-08-28,2015-04-12,0.1,censura.bofh.it,Tribunale di Roma (GIP),
www.magliecalcio-originali.net,official/it/bofh,COMM,2014-08-28,2015-04-12,0.1,censura.bofh.it,Tribunale di Roma (GIP),
www.magliecalcio-originali.org,official/it/bofh,COMM,2014-08-28,2015-04-12,0.1,censura.bofh.it,Tribunale di Roma (GIP),
www.magliecalcio-outlet.com,official/it/bofh,COMM,2014-08-28,2015-04-12,0.1,censura.bofh.it,Tribunale di Roma (GIP),
www.magliecalcio-outlet.net,official/it/bofh,COMM,2014-08-28,2015-04-12,0.1,censura.bofh.it,Tribunale di Roma (GIP),
www.magliecalcio-outlet.org,official/it/bofh,COMM,2014-08-28,2015-04-12,0.1,censura.bofh.it,Tribunale di Roma (GIP),
www.magliecalcioaprocoprezzo.it,official/it/bofh,COMM,2014-08-28,2015-04-12,0.1,censura.bofh.it,Tribunale di Roma (GIP),
www.magliecalcioapocoprezzo.com,official/it/bofh,COMM,2014-08-28,2015-04-12,0.1,censura.bofh.it,Tribunale di Roma (GIP),
www.magliecalcio-pocoprezzo.com,official/it/bofh,COMM,2014-08-28,2015-04-12,0.1,censura.bofh.it,Tribunale di Roma (GIP),
www.magliecalcio-pocoprezzo.net,official/it/bofh,COMM,2014-08-28,2015-04-12,0.1,censura.bofh.it,Tribunale di Roma (GIP),
www.magliecalcio-pocoprezzo.org,official/it/bofh,COMM,2014-08-28,2015-04-12,0.1,censura.bofh.it,Tribunale di Roma (GIP),
www.magliecalcio-shop.com,official/it/bofh,COMM,2014-08-28,2015-04-12,0.1,censura.bofh.it,Tribunale di Roma (GIP),
www.magliecalcio-shop.net,official/it/bofh,COMM,2014-08-28,2015-04-12,0.1,censura.bofh.it,Tribunale di Roma (GIP),
www.magliecalcio-shop.org,official/it/bofh,COMM,2014-08-28,2015-04-12,0.1,censura.bofh.it,Tribunale di Roma (GIP),
www.magliecalcioshop.com,official/it/bofh,COMM,2014-08-28,2015-04-12,0.1,censura.bofh.it,Tribunale di Roma (GIP),
www.magliecalcioshop-it.com,official/it/bofh,COMM,2014-08-28,2015-04-12,0.1,censura.bofh.it,Tribunale di Roma (GIP),
www.magliecalcioshop-it.net,official/it/bofh,COMM,2014-08-28,2015-04-12,0.1,censura.bofh.it,Tribunale di Roma (GIP),
www.magliecalcioshop-it.org,official/it/bofh,COMM,2014-08-28,2015-04-12,0.1,censura.bofh.it,Tribunale di Roma (GIP),
www.magliecalcioshop-online.com,official/it/bofh,COMM,2014-08-28,2015-04-12,0.1,censura.bofh.it,Tribunale di Roma (GIP),
www.magliecalcioshop-online.net,official/it/bofh,COMM,2014-08-28,2015-04-12,0.1,censura.bofh.it,Tribunale di Roma (GIP),
www.magliecalcioshop-online.org,official/it/bofh,COMM,2014-08-28,2015-04-12,0.1,censura.bofh.it,Tribunale di Roma (GIP),
www.magliecalcioshop-ufficiali.com,official/it/bofh,COMM,2014-08-28,2015-04-12,0.1,censura.bofh.it,Tribunale di Roma (GIP),
www.magliecalcioshop-ufficiali.net,official/it/bofh,COMM,2014-08-28,2015-04-12,0.1,censura.bofh.it,Tribunale di Roma (GIP),
www.magliecalcioshop-ufficiali.org,official/it/bofh,COMM,2014-08-28,2015-04-12,0.1,censura.bofh.it,Tribunale di Roma (GIP),
www.magliedacalcio2014.com,official/it/bofh,COMM,2014-08-28,2015-04-12,0.1,censura.bofh.it,Tribunale di Roma (GIP),
www.magliedacalcio2015.com,official/it/bofh,COMM,2014-08-28,2015-04-12,0.1,censura.bofh.it,Tribunale di Roma (GIP),
www.offertemaglie.com,official/it/bofh,COMM,2014-08-28,2015-04-12,0.1,censura.bofh.it,Tribunale di Roma (GIP),
www.scarpe-da-calcetto.com,official/it/bofh,COMM,2014-08-28,2015-04-12,0.1,censura.bofh.it,Tribunale di Roma (GIP),
www.starmusicfestival.it,official/it/bofh,COMM,2014-08-28,2015-04-12,0.1,censura.bofh.it,Tribunale di Roma (GIP),
www.calcio-maglie.com,official/it/bofh,COMM,2014-08-28,2015-04-12,0.1,censura.bofh.it,Tribunale di Roma (GIP),
www.offertemagliecalcio.com,official/it/bofh,COMM,2014-08-28,2015-04-12,0.1,censura.bofh.it,Tribunale di Roma (GIP),
www.kundal.it,official/it/bofh,COMM,2014-08-28,2015-04-12,0.1,censura.bofh.it,Tribunale di Roma (GIP),
www.aamcomaryland.com,official/it/bofh,COMM,2014-08-28,2015-04-12,0.1,censura.bofh.it,Tribunale di Roma (GIP),
www.maglianmondiali2014.com,official/it/bofh,COMM,2014-08-28,2015-04-12,0.1,censura.bofh.it,Tribunale di Roma (GIP),
www.maglia-monopoly.com,official/it/bofh,COMM,2014-08-28,2015-04-12,0.1,censura.bofh.it,Tribunale di Roma (GIP),
www.rinnovabili7.it,official/it/bofh,COMM,2014-08-28,2015-04-12,0.1,censura.bofh.it,Tribunale di Roma (GIP),
delucapelli.org,official/it/bofh,COMM,2014-08-26,2015-04-12,0.1,censura.bofh.it,Tribunale di Macerata (GIP),IP
sockshare.com,official/it/bofh,HACK,2014-07-16,2015-04-12,0.1,censura.bofh.it,Tribunale di Roma (GIP),
nowdownload.ag,official/it/bofh,HACK,2014-07-16,2015-04-12,0.1,censura.bofh.it,Tribunale di Roma (GIP),
uploadable.ch,official/it/bofh,HACK,2014-07-16,2015-04-12,0.1,censura.bofh.it,Tribunale di Roma (GIP),
primeshare.tv,official/it/bofh,HACK,2014-07-16,2015-04-12,0.1,censura.bofh.it,Tribunale di Roma (GIP),
piratestreaming.net,official/it/bofh,HACK,2014-07-16,2015-04-12,0.1,censura.bofh.it,Tribunale di Roma (GIP),
filmstream.info,official/it/bofh,HACK,2014-07-16,2015-04-12,0.1,censura.bofh.it,Tribunale di Roma (GIP),
youwatch.org,official/it/bofh,HACK,2014-07-16,2015-04-12,0.1,censura.bofh.it,Tribunale di Roma (GIP),
firedrive.com,official/it/bofh,HACK,2014-07-16,2015-04-12,0.1,censura.bofh.it,Tribunale di Roma (GIP),
divxstage.eu,official/it/bofh,HACK,2014-07-16,2015-04-12,0.1,censura.bofh.it,Tribunale di Roma (GIP),
cineblog01.tv,official/it/bofh,HACK,2014-07-16,2015-04-12,0.1,censura.bofh.it,Tribunale di Roma (GIP),
rapidvideo.tv,official/it/bofh,HACK,2014-07-16,2015-04-12,0.1,censura.bofh.it,Tribunale di Roma (GIP),
movshare.sx,official/it/bofh,HACK,2014-07-16,2015-04-12,0.1,censura.bofh.it,Tribunale di Roma (GIP),
nowvideo.sx,official/it/bofh,HACK,2014-07-16,2015-04-12,0.1,censura.bofh.it,Tribunale di Roma (GIP),
cineblog01.net,official/it/bofh,HACK,2014-07-16,2015-04-12,0.1,censura.bofh.it,Tribunale di Roma (GIP),
ddlstorage.com,official/it/bofh,HACK,2014-07-16,2015-04-12,0.1,censura.bofh.it,Tribunale di Roma (GIP),
uploadinc.com,official/it/bofh,HACK,2014-07-16,2015-04-12,0.1,censura.bofh.it,Tribunale di Roma (GIP),
easybytez.com,official/it/bofh,HACK,2014-07-16,2015-04-12,0.1,censura.bofh.it,Tribunale di Roma (GIP),
mega.co.nz,official/it/bofh,HACK,2014-07-16,2015-04-12,0.1,censura.bofh.it,Tribunale di Roma (GIP),
nowdownload.sx,official/it/bofh,HACK,2014-07-16,2015-04-12,0.1,censura.bofh.it,Tribunale di Roma (GIP),
putlocker.com,official/it/bofh,HACK,2014-07-16,2015-04-12,0.1,censura.bofh.it,Tribunale di Roma (GIP),
filminstreaming.eu,official/it/bofh,HACK,2014-07-16,2015-04-12,0.1,censura.bofh.it,Tribunale di Roma (GIP),
mail.ru,official/it/bofh,HACK,2014-07-16,2015-04-12,0.1,censura.bofh.it,Tribunale di Roma (GIP),
videopremium.me,official/it/bofh,HACK,2014-07-16,2015-04-12,0.1,censura.bofh.it,Tribunale di Roma (GIP),
video.tt,official/it/bofh,HACK,2014-07-16,2015-04-12,0.1,censura.bofh.it,Tribunale di Roma (GIP),
we-want.it,official/it/bofh,COMM,2014-07-11,2015-04-12,0.1,censura.bofh.it,Tribunale di Bergamo (GIP),IP futuri
www.ddlstorage.com,official/it/bofh,HACK,2014-07-01,2015-04-12,0.1,censura.bofh.it,Tribunale di Cagliari (Procura),IP futuri
www.isarlabs.com,official/it/bofh,COMM,2014-06-20,2015-04-12,0.1,censura.bofh.it,Tribunale di Macerata (GIP),IP futuri
www.jacket8.com,official/it/bofh,COMM,2014-06-20,2015-04-12,0.1,censura.bofh.it,Tribunale di Macerata (GIP),IP futuri
www.jacket-coat-world.com,official/it/bofh,COMM,2014-06-20,2015-04-12,0.1,censura.bofh.it,Tribunale di Macerata (GIP),IP futuri
www.jerryfanclub.com,official/it/bofh,COMM,2014-06-20,2015-04-12,0.1,censura.bofh.it,Tribunale di Macerata (GIP),IP futuri
www.luiginosnidero.it,official/it/bofh,COMM,2014-06-20,2015-04-12,0.1,censura.bofh.it,Tribunale di Macerata (GIP),IP futuri
www.manuelmagni.it,official/it/bofh,COMM,2014-06-20,2015-04-12,0.1,censura.bofh.it,Tribunale di Macerata (GIP),IP futuri
www.millracerace.org,official/it/bofh,COMM,2014-06-20,2015-04-12,0.1,censura.bofh.it,Tribunale di Macerata (GIP),IP futuri
www.monclaroutlet.it,official/it/bofh,COMM,2014-06-20,2015-04-12,0.1,censura.bofh.it,Tribunale di Macerata (GIP),IP futuri
www.moncler2sale.com,official/it/bofh,COMM,2014-06-20,2015-04-12,0.1,censura.bofh.it,Tribunale di Macerata (GIP),IP futuri
www.monclerdeonlineshop2013.com,official/it/bofh,COMM,2014-06-20,2015-04-12,0.1,censura.bofh.it,Tribunale di Macerata (GIP),IP futuri
www.monclergiubbottiitalia.it,official/it/bofh,COMM,2014-06-20,2015-04-12,0.1,censura.bofh.it,Tribunale di Macerata (GIP),IP futuri
www.monclergiubbottiprezzi.com,official/it/bofh,COMM,2014-06-20,2015-04-12,0.1,censura.bofh.it,Tribunale di Macerata (GIP),IP futuri
www.monclerhot.co.uk,official/it/bofh,COMM,2014-06-20,2015-04-12,0.1,censura.bofh.it,Tribunale di Macerata (GIP),IP futuri
www.moncler-inc.com,official/it/bofh,COMM,2014-06-20,2015-04-12,0.1,censura.bofh.it,Tribunale di Macerata (GIP),IP futuri
www.monclerit.it,official/it/bofh,COMM,2014-06-20,2015-04-12,0.1,censura.bofh.it,Tribunale di Macerata (GIP),IP futuri
www.monclertita.it,official/it/bofh,COMM,2014-06-20,2015-04-12,0.1,censura.bofh.it,Tribunale di Macerata (GIP),IP futuri
www.monclerjackets-outlet.com,official/it/bofh,COMM,2014-06-20,2015-04-12,0.1,censura.bofh.it,Tribunale di Macerata (GIP),IP futuri
www.monclerjacketssale.co.uk,official/it/bofh,COMM,2014-06-20,2015-04-12,0.1,censura.bofh.it,Tribunale di Macerata (GIP),IP futuri
www.moncler-mall.com,official/it/bofh,COMM,2014-06-20,2015-04-12,0.1,censura.bofh.it,Tribunale di Macerata (GIP),IP futuri
www.monclernuovo.com,official/it/bofh,COMM,2014-06-20,2015-04-12,0.1,censura.bofh.it,Tribunale di Macerata (GIP),IP futuri
www.moncleronlinesales.co.uk,official/it/bofh,COMM,2014-06-20,2015-04-12,0.1,censura.bofh.it,Tribunale di Macerata (GIP),IP futuri
www.moncleronly.com,official/it/bofh,COMM,2014-06-20,2015-04-12,0.1,censura.bofh.it,Tribunale di Macerata (GIP),IP futuri
www.moncleroutlet.com,official/it/bofh,COMM,2014-06-20,2015-04-12,0.1,censura.bofh.it,Tribunale di Macerata (GIP),IP futuri
www.moncleroutlet.org,official/it/bofh,COMM,2014-06-20,2015-04-12,0.1,censura.bofh.it,Tribunale di Macerata (GIP),IP futuri
www.moncleroutlet1952.com,official/it/bofh,COMM,2014-06-20,2015-04-12,0.1,censura.bofh.it,Tribunale di Macerata (GIP),IP futuri
www.moncleroutletit.com,official/it/bofh,COMM,2014-06-20,2015-04-12,0.1,censura.bofh.it,Tribunale di Macerata (GIP),IP futuri
www.moncleroutlet-it.org,official/it/bofh,COMM,2014-06-20,2015-04-12,0.1,censura.bofh.it,Tribunale di Macerata (GIP),IP futuri
www.moncleroutletitaliadd.it,official/it/bofh,COMM,2014-06-20,2015-04-12,0.1,censura.bofh.it,Tribunale di Macerata (GIP),IP futuri
www.moncleroutletitalias.com,official/it/bofh,COMM,2014-06-20,2015-04-12,0.1,censura.bofh.it,Tribunale di Macerata (GIP),IP futuri
www.moncleroutletitaly.it,official/it/bofh,COMM,2014-06-20,2015-04-12,0.1,censura.bofh.it,Tribunale di Macerata (GIP),IP futuri
www.moncleroutletmilano.it,official/it/bofh,COMM,2014-06-20,2015-04-12,0.1,censura.bofh.it,Tribunale di Macerata (GIP),IP futuri
www.moncleroutletonlineit.net,official/it/bofh,COMM,2014-06-20,2015-04-12,0.1,censura.bofh.it,Tribunale di Macerata (GIP),IP futuri
www.moncleroutletonlinesitoufficiale.it,official/it/bofh,COMM,2014-06-20,2015-04-12,0.1,censura.bofh.it,Tribunale di Macerata (GIP),IP futuri
www.moncleroutletonlinestore.org,official/it/bofh,COMM,2014-06-20,2015-04-12,0.1,censura.bofh.it,Tribunale di Macerata (GIP),IP futuri
www.moncleroutletpro.com,official/it/bofh,COMM,2014-06-20,2015-04-12,0.1,censura.bofh.it,Tribunale di Macerata (GIP),IP futuri
www.moncleroutletroma.net,official/it/bofh,COMM,2014-06-20,2015-04-12,0.1,censura.bofh.it,Tribunale di Macerata (GIP),IP futuri
www.moncler-piumini.it,official/it/bofh,COMM,2014-06-20,2015-04-12,0.1,censura.bofh.it,Tribunale di Macerata (GIP),IP futuri
www.moncler-piumini-outlet.com,official/it/bofh,COMM,2014-06-20,2015-04-12,0.1,censura.bofh.it,Tribunale di Macerata (GIP),IP futuri
www.monclerpiuminioutletgiubbotti.com,official/it/bofh,COMM,2014-06-20,2015-04-12,0.1,censura.bofh.it,Tribunale di Macerata (GIP),IP futuri
www.monclerpiuminiprezzi.com,official/it/bofh,COMM,2014-06-20,2015-04-12,0.1,censura.bofh.it,Tribunale di Macerata (GIP),IP futuri
www.moncler-piumino.com,official/it/bofh,COMM,2014-06-20,2015-04-12,0.1,censura.bofh.it,Tribunale di Macerata (GIP),IP futuri
www.monclerpiumino.it,official/it/bofh,COMM,2014-06-20,2015-04-12,0.1,censura.bofh.it,Tribunale di Macerata (GIP),IP futuri
www.moncler-sito.net,official/it/bofh,COMM,2014-06-20,2015-04-12,0.1,censura.bofh.it,Tribunale di Macerata (GIP),IP futuri
www.monclersitoeufficiales.com,official/it/bofh,COMM,2014-06-20,2015-04-12,0.1,censura.bofh.it,Tribunale di Macerata (GIP),IP futuri
www.monclersitoufficiale.biz,official/it/bofh,COMM,2014-06-20,2015-04-12,0.1,censura.bofh.it,Tribunale di Macerata (GIP),IP futuri
www.monclersitoufficiale.net,official/it/bofh,COMM,2014-06-20,2015-04-12,0.1,censura.bofh.it,Tribunale di Macerata (GIP),IP futuri
www.moncler-sitoufficiale.org,official/it/bofh,COMM,2014-06-20,2015-04-12,0.1,censura.bofh.it,Tribunale di Macerata (GIP),IP futuri
www.monclersitoufficialees.com,official/it/bofh,COMM,2014-06-20,2015-04-12,0.1,censura.bofh.it,Tribunale di Macerata (GIP),IP futuri
www.monclersitoufficialestore4s.com,official/it/bofh,COMM,2014-06-20,2015-04-12,0.1,censura.bofh.it,Tribunale di Macerata (GIP),IP futuri
www.monclerspaccio2020.com,official/it/bofh,COMM,2014-06-20,2015-04-12,0.1,censura.bofh.it,Tribunale di Macerata (GIP),IP futuri
www.monclerstores.co.uk,official/it/bofh,COMM,2014-06-20,2015-04-12,0.1,censura.bofh.it,Tribunale di Macerata (GIP),IP futuri
www.monclertoca.com,official/it/bofh,COMM,2014-06-20,2015-04-12,0.1,censura.bofh.it,Tribunale di Macerata (GIP),IP futuri
www.monclerufficiales.com,official/it/bofh,COMM,2014-06-20,2015-04-12,0.1,censura.bofh.it,Tribunale di Macerata (GIP),IP futuri
www.monclerukstores.co.uk,official/it/bofh,COMM,2014-06-20,2015-04-12,0.1,censura.bofh.it,Tribunale di Macerata (GIP),IP futuri
www.monkeyinmypocket.com,official/it/bofh,COMM,2014-06-20,2015-04-12,0.1,censura.bofh.it,Tribunale di Macerata (GIP),IP futuri
www.mooutletit.com,official/it/bofh,COMM,2014-06-20,2015-04-12,0.1,censura.bofh.it,Tribunale di Macerata (GIP),IP futuri
www.officiellemoncler.fr,official/it/bofh,COMM,2014-06-20,2015-04-12,0.1,censura.bofh.it,Tribunale di Macerata (GIP),IP futuri
fbafinds.info,official/it/bofh,COMM,2014-06-20,2015-04-12,0.1,censura.bofh.it,Tribunale di Macerata (GIP),IP futuri
www.027pxw.com,official/it/bofh,COMM,2014-06-20,2015-04-12,0.1,censura.bofh.it,Tribunale di Macerata (GIP),IP futuri
www.1059thebigkahuna.com,official/it/bofh,COMM,2014-06-20,2015-04-12,0.1,censura.bofh.it,Tribunale di Macerata (GIP),IP futuri
www.accademiapierlombardo.it,official/it/bofh,COMM,2014-06-20,2015-04-12,0.1,censura.bofh.it,Tribunale di Macerata (GIP),IP futuri
www.bebalteatro.it,official/it/bofh,COMM,2014-06-20,2015-04-12,0.1,censura.bofh.it,Tribunale di Macerata (GIP),IP futuri
www.caospitale.it,official/it/bofh,COMM,2014-06-20,2015-04-12,0.1,censura.bofh.it,Tribunale di Macerata (GIP),IP futuri
www.classicpeuterey.eu,official/it/bofh,COMM,2014-06-20,2015-04-12,0.1,censura.bofh.it,Tribunale di Macerata (GIP),IP futuri
www.dragonballfantasy.it,official/it/bofh,COMM,2014-06-20,2015-04-12,0.1,censura.bofh.it,Tribunale di Macerata (GIP),IP futuri
www.elaborareday.it,official/it/bofh,COMM,2014-06-20,2015-04-12,0.1,censura.bofh.it,Tribunale di Macerata (GIP),IP futuri
www.fitnessmare.it,official/it/bofh,COMM,2014-06-20,2015-04-12,0.1,censura.bofh.it,Tribunale di Macerata (GIP),IP futuri
www.giaccheitaly.com,official/it/bofh,COMM,2014-06-20,2015-04-12,0.1,censura.bofh.it,Tribunale di Macerata (GIP),IP futuri
www.giubbotti-peuterey-uomo.org,official/it/bofh,COMM,2014-06-20,2015-04-12,0.1,censura.bofh.it,Tribunale di Macerata (GIP),IP futuri
www.italypeuterey.com,official/it/bofh,COMM,2014-06-20,2015-04-12,0.1,censura.bofh.it,Tribunale di Macerata (GIP),IP futuri
www.itpeutereyspaccio.com,official/it/bofh,COMM,2014-06-20,2015-04-12,0.1,censura.bofh.it,Tribunale di Macerata (GIP),IP futuri
www.monclerspacciopiumini.com,official/it/bofh,COMM,2014-06-20,2015-04-12,0.1,censura.bofh.it,Tribunale di Macerata (GIP),IP futuri
www.outletjacketseu.com,official/it/bofh,COMM,2014-06-20,2015-04-12,0.1,censura.bofh.it,Tribunale di Macerata (GIP),IP futuri
www.outlet-peuterey.it,official/it/bofh,COMM,2014-06-20,2015-04-12,0.1,censura.bofh.it,Tribunale di Macerata (GIP),IP futuri
www.peutareyoutlet.it,official/it/bofh,COMM,2014-06-20,2015-04-12,0.1,censura.bofh.it,Tribunale di Macerata (GIP),IP futuri
www.peuterey.cc,official/it/bofh,COMM,2014-06-20,2015-04-12,0.1,censura.bofh.it,Tribunale di Macerata (GIP),IP futuri
www.peuterey2014.net,official/it/bofh,COMM,2014-06-20,2015-04-12,0.1,censura.bofh.it,Tribunale di Macerata (GIP),IP futuri
www.peutereyitalia.eu,official/it/bofh,COMM,2014-06-20,2015-04-12,0.1,censura.bofh.it,Tribunale di Macerata (GIP),IP futuri
www.peutereyitaly.com,official/it/bofh,COMM,2014-06-20,2015-04-12,0.1,censura.bofh.it,Tribunale di Macerata (GIP),IP futuri
www.peutereyjacketsshop.com,official/it/bofh,COMM,2014-06-20,2015-04-12,0.1,censura.bofh.it,Tribunale di Macerata (GIP),IP futuri
www.peutereynegozio.it,official/it/bofh,COMM,2014-06-20,2015-04-12,0.1,censura.bofh.it,Tribunale di Macerata (GIP),IP futuri
www.peuterey-online.it,official/it/bofh,COMM,2014-06-20,2015-04-12,0.1,censura.bofh.it,Tribunale di Macerata (GIP),IP futuri
www.peutereyonlinevip.com,official/it/bofh,COMM,2014-06-20,2015-04-12,0.1,censura.bofh.it,Tribunale di Macerata (GIP),IP futuri
www.peutereyoutletit.com,official/it/bofh,COMM,2014-06-20,2015-04-12,0.1,censura.bofh.it,Tribunale di Macerata (GIP),IP futuri
clothingsalestore.net,official/it/bofh,COMM,2014-06-20,2015-04-12,0.1,censura.bofh.it,Tribunale di Macerata (GIP),IP futuri
summertrends.us,official/it/bofh,COMM,2014-06-20,2015-04-12,0.1,censura.bofh.it,Tribunale di Macerata (GIP),IP futuri
www.cheapclothingwholesale.org,official/it/bofh,COMM,2014-06-20,2015-04-12,0.1,censura.bofh.it,Tribunale di Macerata (GIP),IP futuri
www.fashionsaletop.com,official/it/bofh,COMM,2014-06-20,2015-04-12,0.1,censura.bofh.it,Tribunale di Macerata (GIP),IP futuri
www.freebuy.co,official/it/bofh,COMM,2014-06-20,2015-04-12,0.1,censura.bofh.it,Tribunale di Macerata (GIP),IP futuri
www.ibrandwholesale.com,official/it/bofh,COMM,2014-06-20,2015-04-12,0.1,censura.bofh.it,Tribunale di Macerata (GIP),IP futuri
www.latvianhostels.com,official/it/bofh,COMM,2014-06-20,2015-04-12,0.1,censura.bofh.it,Tribunale di Macerata (GIP),IP futuri
www.martot.com,official/it/bofh,COMM,2014-06-20,2015-04-12,0.1,censura.bofh.it,Tribunale di Macerata (GIP),IP futuri
www.nikesea.com,official/it/bofh,COMM,2014-06-20,2015-04-12,0.1,censura.bofh.it,Tribunale di Macerata (GIP),IP futuri
www.presino.com,official/it/bofh,COMM,2014-06-20,2015-04-12,0.1,censura.bofh.it,Tribunale di Macerata (GIP),IP futuri
www.replicaclothing.org,official/it/bofh,COMM,2014-06-20,2015-04-12,0.1,censura.bofh.it,Tribunale di Macerata (GIP),IP futuri
www.fashionbrother.com,official/it/bofh,COMM,2014-06-20,2015-04-12,0.1,censura.bofh.it,Tribunale di Macerata (GIP),IP futuri
www.casualoutlet.net,official/it/bofh,COMM,2014-06-20,2015-04-12,0.1,censura.bofh.it,Tribunale di Macerata (GIP),IP futuri
hoganroma.com,official/it/bofh,COMM,2014-06-18,2015-04-12,0.1,censura.bofh.it,Tribunale di Reggio Calabria (Procura),
airjordans4cheap.com,official/it/bofh,COMM,2014-05-16,2015-04-12,0.1,censura.bofh.it,AGCM,
asicstigershoes.com,official/it/bofh,COMM,2014-05-16,2015-04-12,0.1,censura.bofh.it,AGCM,
beatsitalia.com,official/it/bofh,COMM,2014-05-16,2015-04-12,0.1,censura.bofh.it,AGCM,
belstaffjackarea.com,official/it/bofh,COMM,2014-05-16,2015-04-12,0.1,censura.bofh.it,AGCM,
billigbelstaff.com,official/it/bofh,COMM,2014-05-16,2015-04-12,0.1,censura.bofh.it,AGCM,
duveticaitalia2014.com,official/it/bofh,COMM,2014-05-16,2015-04-12,0.1,censura.bofh.it,AGCM,
gucciborse2014.com,official/it/bofh,COMM,2014-05-16,2015-04-12,0.1,censura.bofh.it,AGCM,
hermescheapstore.com,official/it/bofh,COMM,2014-05-16,2015-04-12,0.1,censura.bofh.it,AGCM,
hoganitalia2014.com,official/it/bofh,COMM,2014-05-16,2015-04-12,0.1,censura.bofh.it,AGCM,
jimmychoonshop.com,official/it/bofh,COMM,2014-05-16,2015-04-12,0.1,censura.bofh.it,AGCM,
louisvuittonsborse.com,official/it/bofh,COMM,2014-05-16,2015-04-12,0.1,censura.bofh.it,AGCM,
marcjacobsveske.com,official/it/bofh,COMM,2014-05-16,2015-04-12,0.1,censura.bofh.it,AGCM,
moncleritaly.com,official/it/bofh,COMM,2014-05-16,2015-04-12,0.1,censura.bofh.it,AGCM,
monclerjackorea.com,official/it/bofh,COMM,2014-05-16,2015-04-12,0.1,censura.bofh.it,AGCM,
monclervendita.com,official/it/bofh,COMM,2014-05-16,2015-04-12,0.1,censura.bofh.it,AGCM,
mulberrydk.com,official/it/bofh,COMM,2014-05-16,2015-04-12,0.1,censura.bofh.it,AGCM,
mulberrysalg.com,official/it/bofh,COMM,2014-05-16,2015-04-12,0.1,censura.bofh.it,AGCM,
mulberrysvesker.com,official/it/bofh,COMM,2014-05-16,2015-04-12,0.1,censura.bofh.it,AGCM,
mulberryveske.com,official/it/bofh,COMM,2014-05-16,2015-04-12,0.1,censura.bofh.it,AGCM,
voguebagmall.com,official/it/bofh,COMM,2014-05-16,2015-04-12,0.1,censura.bofh.it,AGCM,
woolrich2014.com,official/it/bofh,COMM,2014-05-16,2015-04-12,0.1,censura.bofh.it,AGCM,
woolrichitalia.com,official/it/bofh,COMM,2014-05-16,2015-04-12,0.1,censura.bofh.it,AGCM,
woolrichvendita.com,official/it/bofh,COMM,2014-05-16,2015-04-12,0.1,censura.bofh.it,AGCM,
www.filmgratisonline.info,official/it/bofh,MISC,2014-05-14,2015-04-12,0.1,censura.bofh.it,Tribunale di Roma (GIP),
www.cineteka.org,official/it/bofh,MISC,2014-05-14,2015-04-12,0.1,censura.bofh.it,Tribunale di Roma (GIP),
www.outlethoganitaliahoganoutlet.com,official/it/bofh,COMM,2014-05-13,2015-04-12,0.1,censura.bofh.it,Tribunale di Frosinone (GIP),
www.hoganrebelscarpe.com,official/it/bofh,COMM,2014-05-13,2015-04-12,0.1,censura.bofh.it,Tribunale di Frosinone (GIP),
www.hoganonlineoutlet.net,official/it/bofh,COMM,2014-05-13,2015-04-12,0.1,censura.bofh.it,Tribunale di Frosinone (GIP),
www.hoganonlineitaly.net,official/it/bofh,COMM,2014-05-13,2015-04-12,0.1,censura.bofh.it,Tribunale di Frosinone (GIP),
www.scarpehoganoutletmilano.com,official/it/bofh,COMM,2014-05-13,2015-04-12,0.1,censura.bofh.it,Tribunale di Frosinone (GIP),
www.hoganoutet.it,official/it/bofh,COMM,2014-05-13,2015-04-12,0.1,censura.bofh.it,Tribunale di Frosinone (GIP),
www.borseguccireplica.org,official/it/bofh,MISC,2014-04-22,2015-04-12,0.1,censura.bofh.it,Tribunale di Roma (GIP),
www.borseitalia.co,official/it/bofh,MISC,2014-04-22,2015-04-12,0.1,censura.bofh.it,Tribunale di Roma (GIP),
www.borse-repliche-it.info,official/it/bofh,MISC,2014-04-22,2015-04-12,0.1,censura.bofh.it,Tribunale di Roma (GIP),
www.italianfromchina.jimdo.com,official/it/bofh,MISC,2014-04-22,2015-04-12,0.1,censura.bofh.it,Tribunale di Roma (GIP),
www.newsreplica.net,official/it/bofh,MISC,2014-04-22,2015-04-12,0.1,censura.bofh.it,Tribunale di Roma (GIP),
www.replicaorologiborse-it.net,official/it/bofh,MISC,2014-04-22,2015-04-12,0.1,censura.bofh.it,Tribunale di Roma (GIP),
www.73buy.cn,official/it/bofh,MISC,2014-04-22,2015-04-12,0.1,censura.bofh.it,Tribunale di Roma (GIP),
www.armelleroux.com,official/it/bofh,MISC,2014-04-22,2015-04-12,0.1,censura.bofh.it,Tribunale di Roma (GIP),
www.bellaborse.com,official/it/bofh,MISC,2014-04-22,2015-04-12,0.1,censura.bofh.it,Tribunale di Roma (GIP),
www.borsadiclasse.com,official/it/bofh,MISC,2014-04-22,2015-04-12,0.1,censura.bofh.it,Tribunale di Roma (GIP),
www.borsebirkinoutletitalia.com,official/it/bofh,MISC,2014-04-22,2015-04-12,0.1,censura.bofh.it,Tribunale di Roma (GIP),
www.borsecollezioni.com,official/it/bofh,MISC,2014-04-22,2015-04-12,0.1,censura.bofh.it,Tribunale di Roma (GIP),
www.borseinitalia.com,official/it/bofh,MISC,2014-04-22,2015-04-12,0.1,censura.bofh.it,Tribunale di Roma (GIP),
www.borseoutletmilano.com,official/it/bofh,MISC,2014-04-22,2015-04-12,0.1,censura.bofh.it,Tribunale di Roma (GIP),
www.borseoutletonlineshop.net,official/it/bofh,MISC,2014-04-22,2015-04-12,0.1,censura.bofh.it,Tribunale di Roma (GIP),
www.cinauno.com,official/it/bofh,MISC,2014-04-22,2015-04-12,0.1,censura.bofh.it,Tribunale di Roma (GIP),
www.eefnement.com,official/it/bofh,MISC,2014-04-22,2015-04-12,0.1,censura.bofh.it,Tribunale di Roma (GIP),
www.fabaaajoy.com,official/it/bofh,MISC,2014-04-22,2015-04-12,0.1,censura.bofh.it,Tribunale di Roma (GIP),
www.guccioutletonline-italy.com,official/it/bofh,MISC,2014-04-22,2015-04-12,0.1,censura.bofh.it,Tribunale di Roma (GIP),
www.hermesstroe.com,official/it/bofh,MISC,2014-04-22,2015-04-12,0.1,censura.bofh.it,Tribunale di Roma (GIP),
www.italiaborsegucci.com,official/it/bofh,MISC,2014-04-22,2015-04-12,0.1,censura.bofh.it,Tribunale di Roma (GIP),
www.italystation.com,official/it/bofh,MISC,2014-04-22,2015-04-12,0.1,censura.bofh.it,Tribunale di Roma (GIP),
www.kpifoe.org,official/it/bofh,MISC,2014-04-22,2015-04-12,0.1,censura.bofh.it,Tribunale di Roma (GIP),
www.outletonlineborse.com,official/it/bofh,MISC,2014-04-22,2015-04-12,0.1,censura.bofh.it,Tribunale di Roma (GIP),
www.pursevalley.cn,official/it/bofh,MISC,2014-04-22,2015-04-12,0.1,censura.bofh.it,Tribunale di Roma (GIP),
www.replicadebolsas.org,official/it/bofh,MISC,2014-04-22,2015-04-12,0.1,censura.bofh.it,Tribunale di Roma (GIP),
www.scarpeguccidonna.net,official/it/bofh,MISC,2014-04-22,2015-04-12,0.1,censura.bofh.it,Tribunale di Roma (GIP),
www.sitoufficialeborse.net,official/it/bofh,MISC,2014-04-22,2015-04-12,0.1,censura.bofh.it,Tribunale di Roma (GIP),
www.venditagucci.net,official/it/bofh,MISC,2014-04-22,2015-04-12,0.1,censura.bofh.it,Tribunale di Roma (GIP),
www.vidi-video.it,official/it/bofh,MISC,2014-04-22,2015-04-12,0.1,censura.bofh.it,Tribunale di Roma (GIP),
www.borse-replica-online.net,official/it/bofh,MISC,2014-04-22,2015-04-12,0.1,censura.bofh.it,Tribunale di Roma (GIP),
www.cheapmoncleruk.co.uk,official/it/bofh,MISC,2014-04-22,2015-04-12,0.1,censura.bofh.it,Tribunale di Roma (GIP),
www.nguoilon.us,official/it/bofh,MISC,2014-04-22,2015-04-12,0.1,censura.bofh.it,Tribunale di Roma (GIP),
www.cheapshop.co,official/it/bofh,MISC,2014-04-22,2015-04-12,0.1,censura.bofh.it,Tribunale di Roma (GIP),
www.peutereyonline.it,official/it/bofh,MISC,2014-04-22,2015-04-12,0.1,censura.bofh.it,Tribunale di Roma (GIP),
www.funnypix.ca,official/it/bofh,MISC,2014-04-22,2015-04-12,0.1,censura.bofh.it,Tribunale di Roma (GIP),
www.borseoutletonlineshop.com,official/it/bofh,COMM,2014-04-18,2015-04-12,0.1,censura.bofh.it,Tribunale di Roma (Procura),
www.borsevenditaonline.net,official/it/bofh,COMM,2014-04-18,2015-04-12,0.1,censura.bofh.it,Tribunale di Roma (Procura),
www.replicasdebolsos.eu,official/it/bofh,COMM,2014-04-18,2015-04-12,0.1,censura.bofh.it,Tribunale di Roma (Procura),
rojadirecta.org,official/it/bofh,MISC,2014-04-11,2015-04-12,0.1,censura.bofh.it,Tribunale di Milano (GIP),IP futuri
www.lvwholesalesit.com,official/it/bofh,MISC,2014-03-28,2015-04-12,0.1,censura.bofh.it,Tribunale di Roma (GIP),
www.filmxtutti.org,official/it/bofh,MISC,2014-03-03,2015-04-12,0.1,censura.bofh.it,Tribunale di Roma (GIP),
eurostreaming.org,official/it/bofh,MISC,2014-03-03,2015-04-12,0.1,censura.bofh.it,Tribunale di Roma (GIP),
www.piratestreaming.tv,official/it/bofh,MISC,2014-03-03,2015-04-12,0.1,censura.bofh.it,Tribunale di Roma (GIP),
www.filmsenzalimiti.net,official/it/bofh,MISC,2014-03-03,2015-04-12,0.1,censura.bofh.it,Tribunale di Roma (GIP),
filmstreamita.tv,official/it/bofh,MISC,2014-03-03,2015-04-12,0.1,censura.bofh.it,Tribunale di Roma (GIP),
filmgratisonline.org,official/it/bofh,MISC,2014-03-03,2015-04-12,0.1,censura.bofh.it,Tribunale di Roma (GIP),
www.casacinemaz.net,official/it/bofh,MISC,2014-03-03,2015-04-12,0.1,censura.bofh.it,Tribunale di Roma (GIP),
21bit.org,official/it/bofh,MISC,2014-03-03,2015-04-12,0.1,censura.bofh.it,Tribunale di Roma (GIP),
avatarfilm.jimdo.com,official/it/bofh,MISC,2014-03-03,2015-04-12,0.1,censura.bofh.it,Tribunale di Roma (GIP),
italiastarfilm.com,official/it/bofh,MISC,2014-03-03,2015-04-12,0.1,censura.bofh.it,Tribunale di Roma (GIP),
magicstreaming.net,official/it/bofh,MISC,2014-03-03,2015-04-12,0.1,censura.bofh.it,Tribunale di Roma (GIP),
onestreaming.org,official/it/bofh,MISC,2014-03-03,2015-04-12,0.1,censura.bofh.it,Tribunale di Roma (GIP),
peliculamos.net,official/it/bofh,MISC,2014-03-03,2015-04-12,0.1,censura.bofh.it,Tribunale di Roma (GIP),
scarilandia.jimdo.com,official/it/bofh,MISC,2014-03-03,2015-04-12,0.1,censura.bofh.it,Tribunale di Roma (GIP),
streamingdb.tv,official/it/bofh,MISC,2014-03-03,2015-04-12,0.1,censura.bofh.it,Tribunale di Roma (GIP),
www.cinemapertutti.com,official/it/bofh,MISC,2014-03-03,2015-04-12,0.1,censura.bofh.it,Tribunale di Roma (GIP),
www.filmitalia.tv,official/it/bofh,MISC,2014-03-03,2015-04-12,0.1,censura.bofh.it,Tribunale di Roma (GIP),
www.filmnuovistreaming3.com,official/it/bofh,MISC,2014-03-03,2015-04-12,0.1,censura.bofh.it,Tribunale di Roma (GIP),
www.film-stream.tv,official/it/bofh,MISC,2014-03-03,2015-04-12,0.1,censura.bofh.it,Tribunale di Roma (GIP),
www.guardafilm.me,official/it/bofh,MISC,2014-03-03,2015-04-12,0.1,censura.bofh.it,Tribunale di Roma (GIP),
www.italiafilms.tv,official/it/bofh,MISC,2014-03-03,2015-04-12,0.1,censura.bofh.it,Tribunale di Roma (GIP),
www.robinfilm.tv,official/it/bofh,MISC,2014-03-03,2015-04-12,0.1,censura.bofh.it,Tribunale di Roma (GIP),
www.streaming-italiano.org,official/it/bofh,MISC,2014-03-03,2015-04-12,0.1,censura.bofh.it,Tribunale di Roma (GIP),
www.streaming-vk-ita.com,official/it/bofh,MISC,2014-03-03,2015-04-12,0.1,censura.bofh.it,Tribunale di Roma (GIP),
www.universfilms.com,official/it/bofh,MISC,2014-03-03,2015-04-12,0.1,censura.bofh.it,Tribunale di Roma (GIP),
casa-cinema.tv,official/it/bofh,MISC,2014-03-03,2015-04-12,0.1,censura.bofh.it,Tribunale di Roma (GIP),
www.watchfreemovies.ch,official/it/bofh,MISC,2014-03-03,2015-04-12,0.1,censura.bofh.it,Tribunale di Roma (GIP),
www.streamingcity.net,official/it/bofh,MISC,2014-03-03,2015-04-12,0.1,censura.bofh.it,Tribunale di Roma (GIP),
www.download46.com,official/it/bofh,MISC,2014-03-03,2015-04-12,0.1,censura.bofh.it,Tribunale di Roma (GIP),
www.cineblog01.net,official/it/bofh,MISC,2014-03-03,2015-04-12,0.1,censura.bofh.it,Tribunale di Roma (GIP),
www.eurostreaming.org,official/it/bofh,MISC,2014-03-03,2015-04-12,0.1,censura.bofh.it,Tribunale di Roma (GIP),
italianstreaming.info,official/it/bofh,MISC,2014-03-03,2015-04-12,0.1,censura.bofh.it,Tribunale di Roma (GIP),
www.mondotorrent.eu,official/it/bofh,MISC,2014-03-03,2015-04-12,0.1,censura.bofh.it,Tribunale di Roma (GIP),
streamita.net,official/it/bofh,MISC,2014-03-03,2015-04-12,0.1,censura.bofh.it,Tribunale di Roma (GIP),
papystreaming.com,official/it/bofh,MISC,2014-03-03,2015-04-12,0.1,censura.bofh.it,Tribunale di Roma (GIP),
serietvsubita.org,official/it/bofh,MISC,2014-03-03,2015-04-12,0.1,censura.bofh.it,Tribunale di Roma (GIP),
cinemauno.biz,official/it/bofh,MISC,2014-03-03,2015-04-12,0.1,censura.bofh.it,Tribunale di Roma (GIP),
dopaminatorrent.com,official/it/bofh,MISC,2014-03-03,2015-04-12,0.1,censura.bofh.it,Tribunale di Roma (GIP),
7tv.org,official/it/bofh,MISC,2014-03-03,2015-04-12,0.1,censura.bofh.it,Tribunale di Roma (GIP),
truepirates.nl,official/it/bofh,MISC,2014-03-03,2015-04-12,0.1,censura.bofh.it,Tribunale di Roma (GIP),
www.gorillablog01.co,official/it/bofh,MISC,2014-03-03,2015-04-12,0.1,censura.bofh.it,Tribunale di Roma (GIP),
www.streamingupdate.tv,official/it/bofh,MISC,2014-03-03,2015-04-12,0.1,censura.bofh.it,Tribunale di Roma (GIP),
streamhero.net,official/it/bofh,MISC,2014-03-03,2015-04-12,0.1,censura.bofh.it,Tribunale di Roma (GIP),
italian-stream.com,official/it/bofh,MISC,2014-03-03,2015-04-12,0.1,censura.bofh.it,Tribunale di Roma (GIP),
sumotorrent.com,official/it/bofh,P2P,2014-02-26,2015-04-12,0.1,censura.bofh.it,Tribunale di Vallo della Lucania (Procura),IP futuri
kickass.to,official/it/bofh,P2P,2014-02-17,2015-04-12,0.1,censura.bofh.it,Tribunale di Cagliari (Procura),IP futuri
www.forexsperti.com,official/it/bofh,DEV,2014-01-21,2015-04-12,0.1,censura.bofh.it,Tribunale di Roma (GIP),
www.euro4x.com,official/it/bofh,DEV,2014-01-21,2015-04-12,0.1,censura.bofh.it,Tribunale di Roma (GIP),
www.toroprofit.com,official/it/bofh,DEV,2014-01-21,2015-04-12,0.1,censura.bofh.it,Tribunale di Roma (GIP),
www.opzioniweb.com,official/it/bofh,DEV,2014-01-21,2015-04-12,0.1,censura.bofh.it,Tribunale di Roma (GIP),
www.forexwdf.com,official/it/bofh,DEV,2014-01-21,2015-04-12,0.1,censura.bofh.it,Tribunale di Roma (GIP),
www.itcfx.com,official/it/bofh,DEV,2014-01-21,2015-04-12,0.1,censura.bofh.it,Tribunale di Roma (GIP),
www.zoomtrader.com,official/it/bofh,DEV,2014-01-21,2015-04-12,0.1,censura.bofh.it,Tribunale di Roma (GIP),
www.instaforex.com,official/it/bofh,DEV,2014-01-21,2015-04-12,0.1,censura.bofh.it,Tribunale di Roma (GIP),
www.astonforex.com,official/it/bofh,DEV,2014-01-21,2015-04-12,0.1,censura.bofh.it,Tribunale di Roma (GIP),
www.forextrada.com,official/it/bofh,DEV,2014-01-21,2015-04-12,0.1,censura.bofh.it,Tribunale di Roma (GIP),
www.neotrade.com,official/it/bofh,DEV,2014-01-21,2015-04-12,0.1,censura.bofh.it,Tribunale di Roma (GIP),
www.traderxp.com,official/it/bofh,DEV,2014-01-21,2015-04-12,0.1,censura.bofh.it,Tribunale di Roma (GIP),
www.identificationconsulting.com,official/it/bofh,MISC,2013-12-30,2015-04-12,0.1,censura.bofh.it,Tribunale di Roma (GIP),
www.alvieromartini-it.info,official/it/bofh,COMM,2013-12-24,2015-04-12,0.1,censura.bofh.it,Tribunale di Milano (GIP),
avaxhome.ws,official/it/bofh,FEXP,2013-12-21,2015-04-12,0.1,censura.bofh.it,Tribunale di Palermo (GIP),Dominio gi√† sequestrato con due procedimenti precedenti.
avaxsearch.com,official/it/bofh,FEXP,2013-12-21,2015-04-12,0.1,censura.bofh.it,Tribunale di Palermo (GIP),
pixhost.me,official/it/bofh,FEXP,2013-12-21,2015-04-12,0.1,censura.bofh.it,Tribunale di Palermo (GIP),
aaa-watch.com,official/it/bofh,COMM,2013-12-19,2015-04-12,0.1,censura.bofh.it,AGCM,
about-watch.com,official/it/bofh,COMM,2013-12-19,2015-04-12,0.1,censura.bofh.it,AGCM,
baratos-relojes.com,official/it/bofh,COMM,2013-12-19,2015-04-12,0.1,censura.bofh.it,AGCM,
buy-a-clock.com,official/it/bofh,COMM,2013-12-19,2015-04-12,0.1,censura.bofh.it,AGCM,
buy-clock.com,official/it/bofh,COMM,2013-12-19,2015-04-12,0.1,censura.bofh.it,AGCM,
buy-timepiece.com,official/it/bofh,COMM,2013-12-19,2015-04-12,0.1,censura.bofh.it,AGCM,
buywatchhub.com,official/it/bofh,COMM,2013-12-19,2015-04-12,0.1,censura.bofh.it,AGCM,
buy-wrist-watches.com,official/it/bofh,COMM,2013-12-19,2015-04-12,0.1,censura.bofh.it,AGCM,
clock-hub.com,official/it/bofh,COMM,2013-12-19,2015-04-12,0.1,censura.bofh.it,AGCM,
comprar-relojes.net,official/it/bofh,COMM,2013-12-19,2015-04-12,0.1,censura.bofh.it,AGCM,
get-clock.com,official/it/bofh,COMM,2013-12-19,2015-04-12,0.1,censura.bofh.it,AGCM,
gettimepiece.com,official/it/bofh,COMM,2013-12-19,2015-04-12,0.1,censura.bofh.it,AGCM,
king-orologio.com,official/it/bofh,COMM,2013-12-19,2015-04-12,0.1,censura.bofh.it,AGCM,
mejor-replicas-relojes.com,official/it/bofh,COMM,2013-12-19,2015-04-12,0.1,censura.bofh.it,AGCM,
milano-orologi.com,official/it/bofh,COMM,2013-12-19,2015-04-12,0.1,censura.bofh.it,AGCM,
orologio24.net,official/it/bofh,COMM,2013-12-19,2015-04-12,0.1,censura.bofh.it,AGCM,
orologi-online.net,official/it/bofh,COMM,2013-12-19,2015-04-12,0.1,censura.bofh.it,AGCM,
preciorelojes.com,official/it/bofh,COMM,2013-12-19,2015-04-12,0.1,censura.bofh.it,AGCM,
relojes-copiar.net,official/it/bofh,COMM,2013-12-19,2015-04-12,0.1,censura.bofh.it,AGCM,
relojes-enlinea.com,official/it/bofh,COMM,2013-12-19,2015-04-12,0.1,censura.bofh.it,AGCM,
relojes-imitacion.com,official/it/bofh,COMM,2013-12-19,2015-04-12,0.1,censura.bofh.it,AGCM,
relojes-marca.com,official/it/bofh,COMM,2013-12-19,2015-04-12,0.1,censura.bofh.it,AGCM,
relojes-suizos.net,official/it/bofh,COMM,2013-12-19,2015-04-12,0.1,censura.bofh.it,AGCM,
replica-relojes.com,official/it/bofh,COMM,2013-12-19,2015-04-12,0.1,censura.bofh.it,AGCM,
tag-relojes.com,official/it/bofh,COMM,2013-12-19,2015-04-12,0.1,censura.bofh.it,AGCM,
tienda-de-relojes.com,official/it/bofh,COMM,2013-12-19,2015-04-12,0.1,censura.bofh.it,AGCM,
bestreplica24.com,official/it/bofh,COMM,2013-12-19,2015-04-12,0.1,censura.bofh.it,AGCM,
brand-watch-store.net,official/it/bofh,COMM,2013-12-19,2015-04-12,0.1,censura.bofh.it,AGCM,
discount-watch24.com,official/it/bofh,COMM,2013-12-19,2015-04-12,0.1,censura.bofh.it,AGCM,
goedkoop-horloge.com,official/it/bofh,COMM,2013-12-19,2015-04-12,0.1,censura.bofh.it,AGCM,
kopen-uurwerken.com,official/it/bofh,COMM,2013-12-19,2015-04-12,0.1,censura.bofh.it,AGCM,
kopie-horloge.com,official/it/bofh,COMM,2013-12-19,2015-04-12,0.1,censura.bofh.it,AGCM,
kopie-tag.com,official/it/bofh,COMM,2013-12-19,2015-04-12,0.1,censura.bofh.it,AGCM,
luxe-horologe.com,official/it/bofh,COMM,2013-12-19,2015-04-12,0.1,censura.bofh.it,AGCM,
nice-horloge.com,official/it/bofh,COMM,2013-12-19,2015-04-12,0.1,censura.bofh.it,AGCM,
online-tag.com,official/it/bofh,COMM,2013-12-19,2015-04-12,0.1,censura.bofh.it,AGCM,
replica-shop.com,official/it/bofh,COMM,2013-12-19,2015-04-12,0.1,censura.bofh.it,AGCM,
replicauk.com,official/it/bofh,COMM,2013-12-19,2015-04-12,0.1,censura.bofh.it,AGCM,
sale-replica.com,official/it/bofh,COMM,2013-12-19,2015-04-12,0.1,censura.bofh.it,AGCM,
swiss-brand.net,official/it/bofh,COMM,2013-12-19,2015-04-12,0.1,censura.bofh.it,AGCM,
tag-sale.net,official/it/bofh,COMM,2013-12-19,2015-04-12,0.1,censura.bofh.it,AGCM,
tagwatchstore.com,official/it/bofh,COMM,2013-12-19,2015-04-12,0.1,censura.bofh.it,AGCM,
u-watches.com,official/it/bofh,COMM,2013-12-19,2015-04-12,0.1,censura.bofh.it,AGCM,
verkoop-horloge.com,official/it/bofh,COMM,2013-12-19,2015-04-12,0.1,censura.bofh.it,AGCM,
winkelen-horloge.com,official/it/bofh,COMM,2013-12-19,2015-04-12,0.1,censura.bofh.it,AGCM,
zwitsers-slaan.com,official/it/bofh,COMM,2013-12-19,2015-04-12,0.1,censura.bofh.it,AGCM,
www.moncleronlineit.com,official/it/bofh,COMM,2013-12-02,2015-04-12,0.1,censura.bofh.it,Tribunale di Verona (Procura),
www.monclerit-online.com,official/it/bofh,COMM,2013-12-02,2015-04-12,0.1,censura.bofh.it,Tribunale di Verona (Procura),
www.shopmiya.com,official/it/bofh,COMM,2013-12-02,2015-04-12,0.1,censura.bofh.it,Tribunale di Verona (Procura),
www.balabalabags.co,official/it/bofh,COMM,2013-12-02,2015-04-12,0.1,censura.bofh.it,Tribunale di Verona (Procura),
www.myclothingoutlets.com,official/it/bofh,COMM,2013-12-02,2015-04-12,0.1,censura.bofh.it,Tribunale di Verona (Procura),
www.soopos.cc,official/it/bofh,COMM,2013-12-02,2015-04-12,0.1,censura.bofh.it,Tribunale di Verona (Procura),
www.imoncleroutlet.com,official/it/bofh,COMM,2013-12-02,2015-04-12,0.1,censura.bofh.it,Tribunale di Verona (Procura),
www.jonionet.it,official/it/bofh,COMM,2013-12-02,2015-04-12,0.1,censura.bofh.it,Tribunale di Verona (Procura),
www.studionefertari.it,official/it/bofh,COMM,2013-12-02,2015-04-12,0.1,censura.bofh.it,Tribunale di Verona (Procura),
www.peuterey2sitoufficiale.com,official/it/bofh,COMM,2013-12-02,2015-04-12,0.1,censura.bofh.it,Tribunale di Verona (Procura),
www.peuterey-outlet-2013.com,official/it/bofh,COMM,2013-12-02,2015-04-12,0.1,censura.bofh.it,Tribunale di Verona (Procura),
www.peutereyinverno.com,official/it/bofh,COMM,2013-12-02,2015-04-12,0.1,censura.bofh.it,Tribunale di Verona (Procura),
www.moncler-italia-outlets.com,official/it/bofh,COMM,2013-12-02,2015-04-12,0.1,censura.bofh.it,Tribunale di Verona (Procura),
fourtoutici.net,official/it/bofh,FEXP,2013-11-19,2015-04-12,0.1,censura.bofh.it,Tribunale di Roma (Procura),
www.scaricando.org,official/it/bofh,FEXP,2013-11-19,2015-04-12,0.1,censura.bofh.it,Tribunale di Roma (Procura),
www.magazinedown.com,official/it/bofh,FEXP,2013-11-19,2015-04-12,0.1,censura.bofh.it,Tribunale di Roma (Procura),
www.pdfmagaz.in,official/it/bofh,FEXP,2013-11-19,2015-04-12,0.1,censura.bofh.it,Tribunale di Roma (Procura),
scarica-file-gratis.info,official/it/bofh,FEXP,2013-11-19,2015-04-12,0.1,censura.bofh.it,Tribunale di Roma (Procura),
pdfmagazines.org,official/it/bofh,FEXP,2013-11-19,2015-04-12,0.1,censura.bofh.it,Tribunale di Roma (Procura),
le-riviste.net,official/it/bofh,FEXP,2013-11-19,2015-04-12,0.1,censura.bofh.it,Tribunale di Roma (Procura),
vk.com,official/it/bofh,HACK,2013-11-18,2015-04-12,0.1,censura.bofh.it,Tribunale di Roma (Procura),
usefile.com,official/it/bofh,HACK,2013-11-18,2015-04-12,0.1,censura.bofh.it,Tribunale di Roma (Procura),
nowvideo.ch,official/it/bofh,HACK,2013-11-18,2015-04-12,0.1,censura.bofh.it,Tribunale di Roma (Procura),
nowdownload.ch,official/it/bofh,HACK,2013-11-18,2015-04-12,0.1,censura.bofh.it,Tribunale di Roma (Procura),
videopremium.tv,official/it/bofh,HACK,2013-11-18,2015-04-12,0.1,censura.bofh.it,Tribunale di Roma (Procura),
upshared.com,official/it/bofh,HACK,2013-11-18,2015-04-12,0.1,censura.bofh.it,Tribunale di Roma (Procura),
dupload.org,official/it/bofh,HACK,2013-11-18,2015-04-12,0.1,censura.bofh.it,Tribunale di Roma (Procura),
topvideo.tv,official/it/bofh,HACK,2013-11-18,2015-04-12,0.1,censura.bofh.it,Tribunale di Roma (Procura),
movshare.net,official/it/bofh,HACK,2013-11-18,2015-04-12,0.1,censura.bofh.it,Tribunale di Roma (Procura),
rapidgator.net,official/it/bofh,HACK,2013-11-18,2015-04-12,0.1,censura.bofh.it,Tribunale di Roma (Procura),
nikefc247.com,official/it/bofh,COMM,2013-11-15,2015-04-12,0.1,censura.bofh.it,AGCM,
cheapmercurialsuperfly.com,official/it/bofh,COMM,2013-11-15,2015-04-12,0.1,censura.bofh.it,AGCM,
blacktiempo.com,official/it/bofh,COMM,2013-11-15,2015-04-12,0.1,censura.bofh.it,AGCM,
crmmercurialvaporix.com,official/it/bofh,COMM,2013-11-15,2015-04-12,0.1,censura.bofh.it,AGCM,
adizero2013.com,official/it/bofh,COMM,2013-11-15,2015-04-12,0.1,censura.bofh.it,AGCM,
mercurialvaporsuperflyiv.com,official/it/bofh,COMM,2013-11-15,2015-04-12,0.1,censura.bofh.it,AGCM,
f50messi.com,official/it/bofh,COMM,2013-11-15,2015-04-12,0.1,censura.bofh.it,AGCM,
cheapmercurial9.com,official/it/bofh,COMM,2013-11-15,2015-04-12,0.1,censura.bofh.it,AGCM,
predatorlzblue.com,official/it/bofh,COMM,2013-11-15,2015-04-12,0.1,censura.bofh.it,AGCM,
f50messiadizero.com,official/it/bofh,COMM,2013-11-15,2015-04-12,0.1,censura.bofh.it,AGCM,
f50red.com,official/it/bofh,COMM,2013-11-15,2015-04-12,0.1,censura.bofh.it,AGCM,
cr7mercurial2013.com,official/it/bofh,COMM,2013-11-15,2015-04-12,0.1,censura.bofh.it,AGCM,
2013nikemercurialvapor.com,official/it/bofh,COMM,2013-11-15,2015-04-12,0.1,censura.bofh.it,AGCM,
bluemercurial.com,official/it/bofh,COMM,2013-11-15,2015-04-12,0.1,censura.bofh.it,AGCM,
mercurialsuperfly2013.com,official/it/bofh,COMM,2013-11-15,2015-04-12,0.1,censura.bofh.it,AGCM,
newsoccercleatsfor2013.com,official/it/bofh,COMM,2013-11-15,2015-04-12,0.1,censura.bofh.it,AGCM,
niketiempo2013.com,official/it/bofh,COMM,2013-11-15,2015-04-12,0.1,censura.bofh.it,AGCM,
mercurialvapor8acc.com,official/it/bofh,COMM,2013-11-15,2015-04-12,0.1,censura.bofh.it,AGCM,
mercurialevapor9.com,official/it/bofh,COMM,2013-11-15,2015-04-12,0.1,censura.bofh.it,AGCM,
neymarmercurial2013.com,official/it/bofh,COMM,2013-11-15,2015-04-12,0.1,censura.bofh.it,AGCM,
nikebombaii.com,official/it/bofh,COMM,2013-11-15,2015-04-12,0.1,censura.bofh.it,AGCM,
mercurialfutsal2013.com,official/it/bofh,COMM,2013-11-15,2015-04-12,0.1,censura.bofh.it,AGCM,
ozilboot.com,official/it/bofh,COMM,2013-11-15,2015-04-12,0.1,censura.bofh.it,AGCM,
cr7mercurialsuperfly.com,official/it/bofh,COMM,2013-11-15,2015-04-12,0.1,censura.bofh.it,AGCM,
jrmercurialvictoryfg.com,official/it/bofh,COMM,2013-11-15,2015-04-12,0.1,censura.bofh.it,AGCM,
mercurialvictoryturf.com,official/it/bofh,COMM,2013-11-15,2015-04-12,0.1,censura.bofh.it,AGCM,
nikemercurialr9.com,official/it/bofh,COMM,2013-11-15,2015-04-12,0.1,censura.bofh.it,AGCM,
mercurialsuperflysafariiii.com,official/it/bofh,COMM,2013-11-15,2015-04-12,0.1,censura.bofh.it,AGCM,
newmercurialvapor10.com,official/it/bofh,COMM,2013-11-15,2015-04-12,0.1,censura.bofh.it,AGCM,
adipure11proboots.com,official/it/bofh,COMM,2013-11-15,2015-04-12,0.1,censura.bofh.it,AGCM,
nikehypervenomphantom.com,official/it/bofh,COMM,2013-11-15,2015-04-12,0.1,censura.bofh.it,AGCM,
gerrardboots.com,official/it/bofh,COMM,2013-11-15,2015-04-12,0.1,censura.bofh.it,AGCM,
www.foto-digit.it,official/it/bofh,COMM,2013-11-15,2015-04-12,0.1,censura.bofh.it,Tribunale di Pordenone (Procura),
techitaly.it,official/it/bofh,COMM,2013-10-30,2015-04-12,0.1,censura.bofh.it,Tribunale di Pordenone (Procura),
www.lorenzoluigionline.com,official/it/bofh,MISC,2013-10-30,2015-04-12,0.1,censura.bofh.it,Tribunale di Bolzano (GIP),
torrentcrazy.com,official/it/bofh,P2P,2013-10-25,2015-04-12,0.1,censura.bofh.it,Tribunale di Vallo della Lucania (Procura),IP futuri
torrentcrazy.me,official/it/bofh,P2P,2013-10-25,2015-04-12,0.1,censura.bofh.it,Tribunale di Vallo della Lucania (Procura),IP futuri
torrentcrazy.in,official/it/bofh,P2P,2013-10-25,2015-04-12,0.1,censura.bofh.it,Tribunale di Vallo della Lucania (Procura),IP futuri
sumotorrent.sx,official/it/bofh,P2P,2013-10-25,2015-04-12,0.1,censura.bofh.it,Tribunale di Vallo della Lucania (Procura),IP futuri
www.saoxie.eu,official/it/bofh,COMM,2013-10-21,2015-04-12,0.1,censura.bofh.it,Tribunale di Mantova (GIP),
1337x.org,official/it/bofh,P2P,2013-10-17,2015-04-12,0.1,censura.bofh.it,Tribunale di Bergamo (Procura),IP
extratorrent.com,official/it/bofh,P2P,2013-10-17,2015-04-12,0.1,censura.bofh.it,Tribunale di Bergamo (Procura),IP
torrenthound.com,official/it/bofh,P2P,2013-10-17,2015-04-12,0.1,censura.bofh.it,Tribunale di Bergamo (Procura),IP
h33t.eu,official/it/bofh,P2P,2013-10-17,2015-04-12,0.1,censura.bofh.it,Tribunale di Bergamo (Procura),IP
thepiratebay.sx,official/it/bofh,P2P,2013-10-17,2015-04-12,0.1,censura.bofh.it,Tribunale di Bergamo (Procura),IP
www.55clicks.com,official/it/bofh,COMM,2013-10-17,2015-04-12,0.1,censura.bofh.it,Tribunale di Bergamo (Procura),IP futuri
www.andtrendy.com,official/it/bofh,COMM,2013-10-17,2015-04-12,0.1,censura.bofh.it,Tribunale di Bergamo (Procura),IP futuri
www.ccbusi.com,official/it/bofh,COMM,2013-10-17,2015-04-12,0.1,censura.bofh.it,Tribunale di Bergamo (Procura),IP futuri
www.chicaideal.com,official/it/bofh,COMM,2013-10-17,2015-04-12,0.1,censura.bofh.it,Tribunale di Bergamo (Procura),IP futuri
www.ebuypeuterey.com,official/it/bofh,COMM,2013-10-17,2015-04-12,0.1,censura.bofh.it,Tribunale di Bergamo (Procura),IP futuri
www.fashionremix.com,official/it/bofh,COMM,2013-10-17,2015-04-12,0.1,censura.bofh.it,Tribunale di Bergamo (Procura),IP futuri
www.fashionstardome.com,official/it/bofh,COMM,2013-10-17,2015-04-12,0.1,censura.bofh.it,Tribunale di Bergamo (Procura),IP futuri
www.italomoda.com,official/it/bofh,COMM,2013-10-17,2015-04-12,0.1,censura.bofh.it,Tribunale di Bergamo (Procura),IP futuri
www.okoktrade.com,official/it/bofh,COMM,2013-10-17,2015-04-12,0.1,censura.bofh.it,Tribunale di Bergamo (Procura),IP futuri
www.outletpeutereyonlines.com,official/it/bofh,COMM,2013-10-17,2015-04-12,0.1,censura.bofh.it,Tribunale di Bergamo (Procura),IP futuri
www.peuterereyrprezzi.org,official/it/bofh,COMM,2013-10-17,2015-04-12,0.1,censura.bofh.it,Tribunale di Bergamo (Procura),IP futuri
www.peutereysito-ufficiale.com,official/it/bofh,COMM,2013-10-17,2015-04-12,0.1,censura.bofh.it,Tribunale di Bergamo (Procura),IP futuri
www.runwayrocket.com,official/it/bofh,COMM,2013-10-17,2015-04-12,0.1,censura.bofh.it,Tribunale di Bergamo (Procura),IP futuri
www.shoesclothingonline.com,official/it/bofh,COMM,2013-10-17,2015-04-12,0.1,censura.bofh.it,Tribunale di Bergamo (Procura),IP futuri
www.singulartrend.com,official/it/bofh,COMM,2013-10-17,2015-04-12,0.1,censura.bofh.it,Tribunale di Bergamo (Procura),IP futuri
www.spyderclassicjackets.com,official/it/bofh,COMM,2013-10-17,2015-04-12,0.1,censura.bofh.it,Tribunale di Bergamo (Procura),IP futuri
ipmart-italia.com,official/it/bofh,GRP,2013-10-11,2015-04-12,0.1,censura.bofh.it,Ignoto,IP
www.casacinemas.com,official/it/bofh,MISC,2013-10-07,2015-04-12,0.1,censura.bofh.it,Tribunale di Verona (GIP),
isohunt.com,official/it/bofh,P2P,2013-07-29,2015-04-12,0.1,censura.bofh.it,Tribunale di Milano (GIP),IP futuri
lascena.net,official/it/bofh,P2P,2013-07-29,2015-04-12,0.1,censura.bofh.it,Tribunale di Milano (GIP),IP futuri
dendi86download.com,official/it/bofh,P2P,2013-07-29,2015-04-12,0.1,censura.bofh.it,Tribunale di Milano (GIP),IP futuri
www.forexpiu.com,official/it/bofh,DEV,2013-07-25,2015-04-12,0.1,censura.bofh.it,Tribunale di Roma (GIP),
auto-prezzo.net,official/it/bofh,COMM,2013-07-10,2015-04-12,0.1,censura.bofh.it,Tribunale di Roma (GIP),
auto-valutazione.com,official/it/bofh,COMM,2013-07-10,2015-04-12,0.1,censura.bofh.it,Tribunale di Roma (GIP),
rojadirecta.me,official/it/bofh,MISC,2013-07-04,2015-04-12,0.1,censura.bofh.it,Tribunale di Milano (GIP),IP futuri
emporioarmaniwatchesuk.uk.com,official/it/bofh,COMM,2013-06-20,2015-04-12,0.1,censura.bofh.it,AGCM,
todssoldes.net,official/it/bofh,COMM,2013-06-13,2015-04-12,0.1,censura.bofh.it,AGCM,
todsfrance.net,official/it/bofh,COMM,2013-06-13,2015-04-12,0.1,censura.bofh.it,AGCM,
chaussurestods.net,official/it/bofh,COMM,2013-06-13,2015-04-12,0.1,censura.bofh.it,AGCM,
todsshoes2012.com,official/it/bofh,COMM,2013-06-13,2015-04-12,0.1,censura.bofh.it,AGCM,
todsshoeuk.com,official/it/bofh,COMM,2013-06-13,2015-04-12,0.1,censura.bofh.it,AGCM,
rogervivier2013.com,official/it/bofh,COMM,2013-06-13,2015-04-12,0.1,censura.bofh.it,AGCM,
rogerviviersoldes.com,official/it/bofh,COMM,2013-06-13,2015-04-12,0.1,censura.bofh.it,AGCM,
usrogervivier.com,official/it/bofh,COMM,2013-06-13,2015-04-12,0.1,censura.bofh.it,AGCM,
rogervivierer.com,official/it/bofh,COMM,2013-06-13,2015-04-12,0.1,censura.bofh.it,AGCM,
rogervivierny.com,official/it/bofh,COMM,2013-06-13,2015-04-12,0.1,censura.bofh.it,AGCM,
frrogervivier.com,official/it/bofh,COMM,2013-06-13,2015-04-12,0.1,censura.bofh.it,AGCM,
rogervivierr.com,official/it/bofh,COMM,2013-06-13,2015-04-12,0.1,censura.bofh.it,AGCM,
rogerviviershop.org,official/it/bofh,COMM,2013-06-13,2015-04-12,0.1,censura.bofh.it,AGCM,
rvboots.com,official/it/bofh,COMM,2013-06-13,2015-04-12,0.1,censura.bofh.it,AGCM,
rvonlinestore.com,official/it/bofh,COMM,2013-06-13,2015-04-12,0.1,censura.bofh.it,AGCM,
avaxhome.bz,official/it/bofh,FEXP,2013-06-13,2015-04-12,0.1,censura.bofh.it,Tribunale di Milano (Procura),
www.wawa-land.org,official/it/bofh,MISC,2013-06-13,2015-04-12,0.1,censura.bofh.it,Tribunale di Roma (GIP),
speed-cover.net,official/it/bofh,MISC,2013-06-12,2015-04-12,0.1,censura.bofh.it,Tribunale di Roma (GIP),
italiafilm.tv,official/it/bofh,MISC,2013-06-12,2015-04-12,0.1,censura.bofh.it,Tribunale di Roma (GIP),
piratestreaming.com,official/it/bofh,MISC,2013-06-12,2015-04-12,0.1,censura.bofh.it,Tribunale di Roma (GIP),
casacinema.eu,official/it/bofh,MISC,2013-06-10,2015-04-12,0.1,censura.bofh.it,Tribunale di Verona (GIP),
ddlhits.com,official/it/bofh,GRP,2013-05-28,2015-04-12,0.1,censura.bofh.it,Tribunale di Cagliari (Procura),IP
www.myfashiondream.com,official/it/bofh,COMM,2013-05-20,2015-04-12,0.1,censura.bofh.it,Tribunale di Bergamo (GIP),
futubox.to,official/it/bofh,MMED,2013-05-17,2015-04-12,0.1,censura.bofh.it,Tribunale di Vallo della Lucania (Procura),IP futuri
futubox.com,official/it/bofh,MMED,2013-05-17,2015-04-12,0.1,censura.bofh.it,Tribunale di Vallo della Lucania (Procura),IP futuri
futuboxhd.com,official/it/bofh,MMED,2013-05-17,2015-04-12,0.1,censura.bofh.it,Tribunale di Vallo della Lucania (Procura),IP futuri
futuforum.com,official/it/bofh,MMED,2013-05-17,2015-04-12,0.1,censura.bofh.it,Tribunale di Vallo della Lucania (Procura),IP futuri
futucash.com,official/it/bofh,MMED,2013-05-17,2015-04-12,0.1,censura.bofh.it,Tribunale di Vallo della Lucania (Procura),IP futuri
galaston.com,official/it/bofh,MMED,2013-05-17,2015-04-12,0.1,censura.bofh.it,Tribunale di Vallo della Lucania (Procura),IP futuri
getstream.net,official/it/bofh,MMED,2013-05-17,2015-04-12,0.1,censura.bofh.it,Tribunale di Vallo della Lucania (Procura),IP futuri
ioslivetv.net,official/it/bofh,MMED,2013-05-17,2015-04-12,0.1,censura.bofh.it,Tribunale di Vallo della Lucania (Procura),IP futuri
life-tv-show.com,official/it/bofh,MMED,2013-05-17,2015-04-12,0.1,censura.bofh.it,Tribunale di Vallo della Lucania (Procura),IP futuri
live-tv-show.com,official/it/bofh,MMED,2013-05-17,2015-04-12,0.1,censura.bofh.it,Tribunale di Vallo della Lucania (Procura),IP futuri
moviefanscentral.com,official/it/bofh,MMED,2013-05-17,2015-04-12,0.1,censura.bofh.it,Tribunale di Vallo della Lucania (Procura),IP futuri
moviepassnetwork.com,official/it/bofh,MMED,2013-05-17,2015-04-12,0.1,censura.bofh.it,Tribunale di Vallo della Lucania (Procura),IP futuri
opinionica.com,official/it/bofh,MMED,2013-05-17,2015-04-12,0.1,censura.bofh.it,Tribunale di Vallo della Lucania (Procura),IP futuri
opinionika.com,official/it/bofh,MMED,2013-05-17,2015-04-12,0.1,censura.bofh.it,Tribunale di Vallo della Lucania (Procura),IP futuri
pandadvr.com,official/it/bofh,MMED,2013-05-17,2015-04-12,0.1,censura.bofh.it,Tribunale di Vallo della Lucania (Procura),IP futuri
tvsector.com,official/it/bofh,MMED,2013-05-17,2015-04-12,0.1,censura.bofh.it,Tribunale di Vallo della Lucania (Procura),IP futuri
futuboxitalia.tk,official/it/bofh,MMED,2013-05-17,2015-04-12,0.1,censura.bofh.it,Tribunale di Vallo della Lucania (Procura),Richiesto il 2014-03-22.
raybanstores.com,official/it/bofh,COMM,2013-05-13,2015-04-12,0.1,censura.bofh.it,AGCM,
discountraybansunglasses.org,official/it/bofh,COMM,2013-05-13,2015-04-12,0.1,censura.bofh.it,AGCM,
par-anoia.net,official/it/bofh,FEXP,2013-05-03,2015-04-12,0.1,censura.bofh.it,Tribunale di Roma (Procura),
par-anoia.se,official/it/bofh,FEXP,2013-05-03,2015-04-12,0.1,censura.bofh.it,Tribunale di Roma (Procura),
par-anoia.de,official/it/bofh,FEXP,2013-05-03,2015-04-12,0.1,censura.bofh.it,Tribunale di Roma (Procura),Censurato con un secondo provvedimento il 2013-05-08.
www.share76.com,official/it/bofh,HACK,2013-04-23,2015-04-12,0.1,censura.bofh.it,Tribunale di Lecco (Procura),IP futuri
www.streaming-online.biz,official/it/bofh,HACK,2013-04-23,2015-04-12,0.1,censura.bofh.it,Tribunale di Lecco (Procura),IP futuri
www.agip.tv,official/it/bofh,HACK,2013-04-23,2015-04-12,0.1,censura.bofh.it,Tribunale di Roma (GIP),
www.agipshop.de,official/it/bofh,HACK,2013-04-23,2015-04-12,0.1,censura.bofh.it,Tribunale di Roma (GIP),
www.agipbenzina.com,official/it/bofh,HACK,2013-04-23,2015-04-12,0.1,censura.bofh.it,Tribunale di Roma (GIP),
www.enishop.tv,official/it/bofh,HACK,2013-04-23,2015-04-12,0.1,censura.bofh.it,Tribunale di Roma (GIP),
www.eni-shopping.com,official/it/bofh,HACK,2013-04-23,2015-04-12,0.1,censura.bofh.it,Tribunale di Roma (GIP),
www.shopagip.tv,official/it/bofh,HACK,2013-04-23,2015-04-12,0.1,censura.bofh.it,Tribunale di Roma (GIP),
www.enitelgroup.com,official/it/bofh,HACK,2013-04-23,2015-04-12,0.1,censura.bofh.it,Tribunale di Roma (GIP),"Anche se il dominio appare completamente controllato dal phisher, per motivi ignoti il decreto richiede che sia censurato uno specifico URL."
www.shopagip.net,official/it/bofh,HACK,2013-04-23,2015-04-12,0.1,censura.bofh.it,Tribunale di Roma (GIP),
www.enigroup.net,official/it/bofh,HACK,2013-04-23,2015-04-12,0.1,censura.bofh.it,Tribunale di Roma (GIP),
www.holywar.org,official/it/bofh,HATE,2013-04-12,2015-04-12,0.1,censura.bofh.it,Tribunale di Bolzano (Procura),
www.holywar.tv,official/it/bofh,HATE,2013-04-12,2015-04-12,0.1,censura.bofh.it,Tribunale di Bolzano (Procura),
cineblog01.org,official/it/bofh,HACK,2013-04-08,2015-04-12,0.1,censura.bofh.it,Tribunale di Roma (GIP),
flashdrive.it,official/it/bofh,HACK,2013-04-08,2015-04-12,0.1,censura.bofh.it,Tribunale di Roma (GIP),
flashstream.in,official/it/bofh,HACK,2013-04-08,2015-04-12,0.1,censura.bofh.it,Tribunale di Roma (GIP),
nowvideo.co,official/it/bofh,HACK,2013-04-08,2015-04-12,0.1,censura.bofh.it,Tribunale di Roma (GIP),
speedvid.tv,official/it/bofh,HACK,2013-04-08,2015-04-12,0.1,censura.bofh.it,Tribunale di Roma (GIP),
videopremium.net,official/it/bofh,HACK,2013-04-08,2015-04-12,0.1,censura.bofh.it,Tribunale di Roma (GIP),
bitshare.com,official/it/bofh,HACK,2013-04-08,2015-04-12,0.1,censura.bofh.it,Tribunale di Roma (GIP),
clipshouse.com,official/it/bofh,HACK,2013-04-08,2015-04-12,0.1,censura.bofh.it,Tribunale di Roma (GIP),
cyberlocker.ch,official/it/bofh,HACK,2013-04-08,2015-04-12,0.1,censura.bofh.it,Tribunale di Roma (GIP),
freakshare.com,official/it/bofh,HACK,2013-04-08,2015-04-12,0.1,censura.bofh.it,Tribunale di Roma (GIP),
likeupload.net,official/it/bofh,HACK,2013-04-08,2015-04-12,0.1,censura.bofh.it,Tribunale di Roma (GIP),
megaload.it,official/it/bofh,HACK,2013-04-08,2015-04-12,0.1,censura.bofh.it,Tribunale di Roma (GIP),
nowdownload.co,official/it/bofh,HACK,2013-04-08,2015-04-12,0.1,censura.bofh.it,Tribunale di Roma (GIP),
queenshare.com,official/it/bofh,HACK,2013-04-08,2015-04-12,0.1,censura.bofh.it,Tribunale di Roma (GIP),
uploaded.net,official/it/bofh,HACK,2013-04-08,2015-04-12,0.1,censura.bofh.it,Tribunale di Roma (GIP),
uploadjet.net,official/it/bofh,HACK,2013-04-08,2015-04-12,0.1,censura.bofh.it,Tribunale di Roma (GIP),
filmpertutti.tv,official/it/bofh,HACK,2013-04-08,2015-04-12,0.1,censura.bofh.it,Tribunale di Roma (GIP),
filmnuovistreaming.com,official/it/bofh,HACK,2013-04-08,2015-04-12,0.1,censura.bofh.it,Tribunale di Roma (GIP),
ddl-fantasy.org,official/it/bofh,HACK,2013-04-08,2015-04-12,0.1,censura.bofh.it,Tribunale di Roma (GIP),
streamingworld.forumcommunity.net,official/it/bofh,HACK,2013-04-08,2015-04-12,0.1,censura.bofh.it,Tribunale di Roma (GIP),
filmfreestream.org,official/it/bofh,HACK,2013-04-08,2015-04-12,0.1,censura.bofh.it,Tribunale di Roma (GIP),
robin-film.net,official/it/bofh,HACK,2013-04-08,2015-04-12,0.1,censura.bofh.it,Tribunale di Roma (GIP),
gatestreaming.com,official/it/bofh,HACK,2013-04-08,2015-04-12,0.1,censura.bofh.it,Tribunale di Roma (GIP),
panicmovie.altervista.org,official/it/bofh,HACK,2013-04-08,2015-04-12,0.1,censura.bofh.it,Tribunale di Roma (GIP),
yourlifeupdated.it,official/it/bofh,HACK,2013-04-08,2015-04-12,0.1,censura.bofh.it,Tribunale di Roma (GIP),
italiafilm2.com,official/it/bofh,HACK,2013-04-08,2015-04-12,0.1,censura.bofh.it,Tribunale di Roma (GIP),
gucciuomo.net,official/it/bofh,COMM,2013-03-07,2015-04-12,0.1,censura.bofh.it,Tribunale di Frosinone (GIP),
ioption.com,official/it/bofh,DEV,2013-03-06,2015-04-12,0.1,censura.bofh.it,Tribunale di Roma (GIP),
bocapital.com,official/it/bofh,DEV,2013-03-06,2015-04-12,0.1,censura.bofh.it,Tribunale di Roma (GIP),
tradesmarter.com,official/it/bofh,DEV,2013-03-06,2015-04-12,0.1,censura.bofh.it,Tribunale di Roma (GIP),
startoptions.com,official/it/bofh,DEV,2013-03-06,2015-04-12,0.1,censura.bofh.it,Tribunale di Roma (GIP),
anyoption.com,official/it/bofh,DEV,2013-02-25,2015-04-12,0.1,censura.bofh.it,Tribunale di Roma (GIP),
www.borsepieroguidi.com,official/it/bofh,COMM,2013-02-05,2015-04-12,0.1,censura.bofh.it,Tribunale di Pesaro (GIP),
guccioutlet-italy.org,official/it/bofh,COMM,2013-01-26,2015-04-12,0.1,censura.bofh.it,AGCM,
pradaborselinea.com,official/it/bofh,COMM,2013-01-26,2015-04-12,0.1,censura.bofh.it,AGCM,
www.registromedici.com,official/it/bofh,MISC,2013-01-24,2015-04-12,0.1,censura.bofh.it,Tribunale di Santa Maria C.V. (GUP),Gi√† inattivo al momento del sequestro.
www.webcaston.com,official/it/bofh,MMED,2013-01-11,2015-04-12,0.1,censura.bofh.it,Tribunale di Milano (GIP),
www.freedocast.com,official/it/bofh,MMED,2013-01-11,2015-04-12,0.1,censura.bofh.it,Tribunale di Milano (GIP),
www.veemi.com,official/it/bofh,MMED,2013-01-11,2015-04-12,0.1,censura.bofh.it,Tribunale di Milano (GIP),
www.limev.com,official/it/bofh,MMED,2013-01-11,2015-04-12,0.1,censura.bofh.it,Tribunale di Milano (GIP),
www.mips.tv,official/it/bofh,MMED,2013-01-11,2015-04-12,0.1,censura.bofh.it,Tribunale di Milano (GIP),
www.hqcast.tv,official/it/bofh,MMED,2013-01-11,2015-04-12,0.1,censura.bofh.it,Tribunale di Milano (GIP),
www.dinozap.tv,official/it/bofh,MMED,2013-01-11,2015-04-12,0.1,censura.bofh.it,Tribunale di Milano (GIP),
www.hdcaster.net,official/it/bofh,MMED,2013-01-11,2015-04-12,0.1,censura.bofh.it,Tribunale di Milano (GIP),
www.ilive.to,official/it/bofh,MMED,2013-01-11,2015-04-12,0.1,censura.bofh.it,Tribunale di Milano (GIP),
www.livescorehunter.tv,official/it/bofh,MMED,2013-01-11,2015-04-12,0.1,censura.bofh.it,Tribunale di Milano (GIP),
streamhunter.eu,official/it/bofh,MMED,2013-01-11,2015-04-12,0.1,censura.bofh.it,Tribunale di Milano (GIP),
www.agip.ws,official/it/bofh,HACK,2012-12-20,2015-04-12,0.1,censura.bofh.it,Tribunale di Roma (GIP),
xn--o-eha.net,official/it/bofh,HACK,2012-12-20,2015-04-12,0.1,censura.bofh.it,Tribunale di Roma (GIP),
agipshop.org,official/it/bofh,HACK,2012-12-20,2015-04-12,0.1,censura.bofh.it,Tribunale di Roma (GIP),
www.unlimitedonline.net,official/it/bofh,HACK,2012-12-20,2015-04-12,0.1,censura.bofh.it,Tribunale di Roma (GIP),
torrentreactor.net,official/it/bofh,P2P,2012-11-28,2015-04-12,0.1,censura.bofh.it,Tribunale di Vallo della Lucania (Procura),IP futuri
torrents.net,official/it/bofh,P2P,2012-11-28,2015-04-12,0.1,censura.bofh.it,Tribunale di Vallo della Lucania (Procura),IP futuri
www.stormfront.org,official/it/bofh,GRP,2012-11-13,2015-04-12,0.1,censura.bofh.it,Tribunale di Roma (GIP),IP futuri
nowdownload.eu,official/it/bofh,HACK,2012-07-27,2015-04-12,0.1,censura.bofh.it,Tribunale di Roma (GIP),
cineblog01.com,official/it/bofh,HACK,2012-07-27,2015-04-12,0.1,censura.bofh.it,Tribunale di Roma (GIP),
nowvideo.eu,official/it/bofh,HACK,2012-07-27,2015-04-12,0.1,censura.bofh.it,Tribunale di Roma (GIP),
viagra-cialis-levitra.it,official/it/bofh,ALDR,2012-06-19,2015-04-12,0.1,censura.bofh.it,AGCM,
bestgenericdrugs.net,official/it/bofh,ALDR,2012-06-19,2015-04-12,0.1,censura.bofh.it,AGCM,
italia-film.com,official/it/bofh,MISC,2012-06-04,2015-04-12,0.1,censura.bofh.it,Tribunale di Milano (GIP),IP
locandinehits.com,official/it/bofh,MISC,2012-06-04,2015-04-12,0.1,censura.bofh.it,Tribunale di Milano (GIP),IP
daugres.com,official/it/bofh,COMM,2012-06-03,2015-04-12,0.1,censura.bofh.it,Tribunale di Modena (GIP),IP
ceramica-daugres.com,official/it/bofh,COMM,2012-06-03,2015-04-12,0.1,censura.bofh.it,Tribunale di Modena (GIP),IP
dduniverse.net,official/it/bofh,GRP,2012-05-29,2015-04-12,0.1,censura.bofh.it,Tribunale di Brescia (GIP),IP futuri
ddalternate.net,official/it/bofh,GRP,2012-05-29,2015-04-12,0.1,censura.bofh.it,Tribunale di Brescia (GIP),IP futuri
piemonte.indymedia.org,official/it/bofh,GRP,2012-05-25,2015-04-12,0.1,censura.bofh.it,Tribunale di Milano (GIP),
toscana.indymedia.org,official/it/bofh,GRP,2012-05-25,2015-04-12,0.1,censura.bofh.it,Tribunale di Milano (GIP),Non pi√π attivo da tempo al momento del sequestro.
kat.ph,official/it/bofh,P2P,2012-05-17,2015-04-12,0.1,censura.bofh.it,Tribunale di Cagliari (Procura),IP futuri
kickasstorrent.ph,official/it/bofh,P2P,2012-05-17,2015-04-12,0.1,censura.bofh.it,Tribunale di Cagliari (Procura),IP futuri
kickasstorrents.com,official/it/bofh,P2P,2012-05-17,2015-04-12,0.1,censura.bofh.it,Tribunale di Cagliari (Procura),IP futuri
www.vajont.info,official/it/bofh,MISC,2012-05-14,2015-04-12,0.1,censura.bofh.it,Tribunale di Belluno (GIP),
ecdrops.com,official/it/bofh,COMM,2012-05-02,2015-04-12,0.1,censura.bofh.it,Tribunale di Genova (GIP),
pursevalley.ws,official/it/bofh,COMM,2012-05-02,2015-04-12,0.1,censura.bofh.it,Tribunale di Genova (GIP),Non pi√π attivo.
www.scaricolibero.com,official/it/bofh,MISC,2012-02-01,2015-04-12,0.1,censura.bofh.it,Tribunale di Parma (GIP),IP futuri
www.filmgratis.tv,official/it/bofh,MISC,2012-02-01,2015-04-12,0.1,censura.bofh.it,Tribunale di Parma (GIP),IP futuri
www.italianshare.net,official/it/bofh,GRP,2011-11-11,2015-04-12,0.1,censura.bofh.it,Tribunale di Vallo della Lucania (GIP),Non pi√π esistente.
filmshare.italiannetwork.net,official/it/bofh,GRP,2011-11-11,2015-04-12,0.1,censura.bofh.it,Tribunale di Vallo della Lucania (GIP),
musicshare.italiannetwork.net,official/it/bofh,GRP,2011-11-11,2015-04-12,0.1,censura.bofh.it,Tribunale di Vallo della Lucania (GIP),
uwp.italiannetwork.net,official/it/bofh,GRP,2011-11-11,2015-04-12,0.1,censura.bofh.it,Tribunale di Vallo della Lucania (GIP),
www.italiansexy.net,official/it/bofh,GRP,2011-11-11,2015-04-12,0.1,censura.bofh.it,Tribunale di Vallo della Lucania (GIP),Scaduto e squatted.
diamond-pharma.com,official/it/bofh,ALDR,2011-07-14,2015-04-12,0.1,censura.bofh.it,Tribunale di Bolzano (Procura),
tigerblood.com,official/it/bofh,ALDR,2011-07-14,2015-04-12,0.1,censura.bofh.it,Tribunale di Bolzano (Procura),
balkanpharmaceuticals.eu,official/it/bofh,ALDR,2011-07-14,2015-04-12,0.1,censura.bofh.it,Tribunale di Bolzano (Procura),
mysteroid.eu,official/it/bofh,ALDR,2011-07-14,2015-04-12,0.1,censura.bofh.it,Tribunale di Bolzano (Procura),
alpha-pharma.com,official/it/bofh,ALDR,2011-07-14,2015-04-12,0.1,censura.bofh.it,Tribunale di Bolzano (Procura),
xroids.net,official/it/bofh,ALDR,2011-07-14,2015-04-12,0.1,censura.bofh.it,Tribunale di Bolzano (Procura),
eurobolic.com,official/it/bofh,ALDR,2011-07-14,2015-04-12,0.1,censura.bofh.it,Tribunale di Bolzano (Procura),
hygetropin-hgh.com,official/it/bofh,ALDR,2011-07-14,2015-04-12,0.1,censura.bofh.it,Tribunale di Bolzano (Procura),
pharma-eu.info,official/it/bofh,ALDR,2011-07-14,2015-04-12,0.1,censura.bofh.it,Tribunale di Bolzano (Procura),
body-building.ws,official/it/bofh,ALDR,2011-07-14,2015-04-12,0.1,censura.bofh.it,Tribunale di Bolzano (Procura),
steroidshop.eu,official/it/bofh,ALDR,2011-07-14,2015-04-12,0.1,censura.bofh.it,Tribunale di Bolzano (Procura),
steroid4u.org,official/it/bofh,ALDR,2011-07-14,2015-04-12,0.1,censura.bofh.it,Tribunale di Bolzano (Procura),
roid4u.com,official/it/bofh,ALDR,2011-07-14,2015-04-12,0.1,censura.bofh.it,Tribunale di Bolzano (Procura),
anabolizzanti.net,official/it/bofh,ALDR,2011-07-14,2015-04-12,0.1,censura.bofh.it,Tribunale di Bolzano (Procura),
proxyitalia.com,official/it/bofh,ANON,2011-07-12,2015-04-12,0.1,censura.bofh.it,Tribunale di Cagliari (Procura),IP futuri
seeds24.com,official/it/bofh,MISC,2011-05-10,2015-04-12,0.1,censura.bofh.it,Tribunale di Rovereto (GIP),
caprishop.com,official/it/bofh,MISC,2011-05-10,2015-04-12,0.1,censura.bofh.it,Tribunale di Rovereto (GIP),
mariuanait.com,official/it/bofh,MISC,2011-05-10,2015-04-12,0.1,censura.bofh.it,Tribunale di Rovereto (GIP),
smsgang.com,official/it/bofh,MISC,2011-03-21,2015-04-12,0.1,censura.bofh.it,Tribunale di Trento (GIP),IP futuri
gaxetaveneta.com,official/it/bofh,FEXP,2010-11-12,2015-04-12,0.1,censura.bofh.it,Tribunale di Treviso (GIP),Scaduto.
incontriamocioggi.com,official/it/bofh,DATE,2010-05-13,2015-04-12,0.1,censura.bofh.it,Tribunale di Trieste (GIP),
incontriamociescort.com,official/it/bofh,DATE,2010-05-13,2015-04-12,0.1,censura.bofh.it,Tribunale di Trieste (GIP),
bakecaincontri.info,official/it/bofh,DATE,2010-05-13,2015-04-12,0.1,censura.bofh.it,Tribunale di Trieste (GIP),
bakecaincontri.net,official/it/bofh,DATE,2010-05-13,2015-04-12,0.1,censura.bofh.it,Tribunale di Trieste (GIP),
ibakeca.com,official/it/bofh,DATE,2010-05-13,2015-04-12,0.1,censura.bofh.it,Tribunale di Trieste (GIP),
bakecaincontrii.net,official/it/bofh,DATE,2010-05-13,2015-04-12,0.1,censura.bofh.it,Tribunale di Trieste (GIP),
linkstreaming.com,official/it/bofh,MISC,2010-04-20,2015-04-12,0.1,censura.bofh.it,Tribunale di Cagliari (GIP),IP futuri
bakekaincontri.com,official/it/bofh,DATE,2010-02-12,2015-04-12,0.1,censura.bofh.it,Tribunale di Trieste (GIP),
bakekaincontri.net,official/it/bofh,DATE,2010-02-12,2015-04-12,0.1,censura.bofh.it,Tribunale di Trieste (GIP),Sequestrato il 2010-05-13.
bakekaincontri.org,official/it/bofh,DATE,2010-02-12,2015-04-12,0.1,censura.bofh.it,Tribunale di Trieste (GIP),Sequestrato il 2010-05-17.
www.k2smokes.ch,official/it/bofh,MISC,2008-09-22,2015-04-12,0.1,censura.bofh.it,Tribunale di Milano (GIP),
www.rebelsmokes.com,official/it/bofh,MISC,2008-09-22,2015-04-12,0.1,censura.bofh.it,Tribunale di Milano (GIP),Non pi√π esistente.
www.thepiratebay.org,official/it/bofh,P2P,2008-08-01,2015-04-12,0.1,censura.bofh.it,Tribunale di Bergamo (GIP),IP futuri
angloamericanletting.com,official/it/bofh,P2P,2008-08-01,2015-04-12,0.1,censura.bofh.it,Tribunale di Bergamo (GIP),IP futuri
www.piratebay.net,official/it/bofh,P2P,2008-08-01,2015-04-12,0.1,censura.bofh.it,Tribunale di Bergamo (GIP),IP futuri
www.piratebay.org,official/it/bofh,P2P,2008-08-01,2015-04-12,0.1,censura.bofh.it,Tribunale di Bergamo (GIP),IP futuri
www.thepiratebay.com,official/it/bofh,P2P,2008-08-01,2015-04-12,0.1,censura.bofh.it,Tribunale di Bergamo (GIP),IP futuri
www.thepiratebay.net,official/it/bofh,P2P,2008-08-01,2015-04-12,0.1,censura.bofh.it,Tribunale di Bergamo (GIP),IP futuri
